Date;Feed Composition 1;Feed Composition 2;Effluent composition 1;Effluent composition 3;Conversion;Feed Flow;Inlet Temp;Temp1;Temp2;Temp3;Temp4;Temp5;Temp6;Outlet Temp;Water in Temp;Water out Temp;Water Flow;
1-Jan-16;16,140;0,290;1,150;1,270;92,875;210,038;135,020;145,447;134,347;;157,084;150,248;146,698;145,819;145,005;150,656;849,101;
2-Jan-16;17,180;0,270;0,970;1,930;94,354;205,164;135,001;145,454;134,707;;161,621;152,492;147,093;145,866;145,000;150,803;850,092;
3-Jan-16;18,720;0,220;0,760;2,980;95,940;149,690;134,366;145,511;135,748;;165,397;153,489;146,909;145,677;144,928;149,743;847,659;
4-Jan-16;16,380;13,600;1,580;2,100;90,354;230,104;135,102;144,896;135,971;;164,378;164,435;150,105;146,274;145,008;150,839;850,466;
5-Jan-16;17,990;18,620;2,010;1,620;88,827;209,876;135,102;145,546;134,370;;164,374;171,970;149,161;145,928;145,005;151,264;850,200;
6-Jan-16;15,710;21,020;1,740;1,940;88,924;184,265;135,584;145,400;134,420;;153,531;171,201;150,585;145,765;144,987;149,947;850,346;
7-Jan-16;17,010;15,310;1,900;1,720;88,830;249,935;135,057;144,737;135,866;;154,627;157,194;160,239;146,588;145,007;151,313;850,803;
8-Jan-16;16,840;13,460;1,870;1,770;88,895;235,690;135,239;144,708;136,693;;153,669;154,599;164,275;146,805;145,001;150,704;850,465;
9-Jan-16;33,840;14,710;1,900;1,710;94,385;219,954;134,987;144,960;136,186;;153,522;154,142;166,498;147,008;144,998;150,649;850,866;
10-Jan-16;16,780;15,560;#YOK;1,710;#YOK;220,040;135,063;145,149;134,945;;153,879;154,478;169,529;147,753;145,004;150,981;849,691;
11-Jan-16;17,290;15,150;2,260;1,660;86,929;209,860;138,163;145,959;135,824;;153,159;153,644;169,388;147,362;145,006;150,649;849,637;
12-Jan-16;16,370;14,360;2,280;1,890;86,072;210,039;138,138;145,843;137,352;;152,797;153,112;167,541;147,565;145,002;150,323;849,547;
13-Jan-16;16,140;14,180;2,290;2,260;85,812;220,105;138,136;146,272;137,279;;153,874;154,118;167,559;148,834;145,998;151,239;850,300;
14-Jan-16;15,770;14,270;2,210;1,780;85,986;210,003;138,006;146,308;136,422;;153,625;153,768;167,152;148,605;146,007;151,038;849,835;
15-Jan-16;18,200;0,530;1,050;2,780;94,231;146,464;138,079;149,054;140,343;;155,710;155,757;169,681;150,825;148,999;153,114;850,311;
16-Jan-16;14,600;0,420;1,220;2,050;91,644;190,030;139,923;149,167;138,841;;156,317;156,606;164,264;153,210;150,000;154,071;849,655;
17-Jan-16;14,620;0,250;1,070;1,980;92,681;160,050;140,075;149,663;139,637;;155,681;155,767;163,283;152,784;150,001;153,777;851,094;
18-Jan-16;14,540;0,240;1,230;1,930;91,541;160,066;140,119;149,418;139,651;;155,242;155,186;158,280;153,706;150,005;153,476;848,814;
19-Jan-16;14,750;0,200;1,720;1,820;88,339;160,298;141,095;150,148;140,305;;156,009;155,943;157,776;156,057;151,274;154,134;852,073;
20-Jan-16;15,330;0,150;1,920;1,750;87,476;175,159;145,027;154,246;143,469;;160,418;160,283;161,516;162,400;155,006;158,709;850,547;
21-Jan-16;15,580;0,270;2,170;1,600;86,072;174,986;150,032;155,524;145,648;;160,066;159,780;160,405;164,493;155,010;158,734;850,212;
22-Jan-16;12,350;0,470;2,380;2,950;80,729;175,217;150,005;154,966;142,178;;159,348;158,995;159,226;164,662;155,004;158,196;849,868;
23-Jan-16;13,700;0,600;2,510;2,280;81,679;174,975;150,111;155,146;142,942;;159,524;159,173;159,208;166,381;154,999;158,282;849,771;
24-Jan-16;11,780;16,100;3,660;1,560;68,930;220,023;150,080;154,422;143,253;;159,247;158,872;158,748;166,177;155,009;157,978;849,938;
25-Jan-16;13,860;17,030;3,880;1,850;72,006;225,085;155,182;159,809;150,007;;165,108;164,590;164,344;172,426;159,994;163,472;850,411;
26-Jan-16;14,640;15,970;4,890;2,200;66,598;259,909;155,059;159,763;146,444;;165,924;165,356;164,909;175,772;160,005;164,032;850,490;
27-Jan-16;34,510;14,990;5,420;2,650;84,294;259,980;155,009;159,519;145,348;;165,725;165,137;164,637;175,945;159,993;163,811;849,611;
28-Jan-16;15,190;11,020;#YOK;#YOK;OFFLINE;8,355;72,542;140,290;133,000;;141,098;140,780;140,775;108,370;139,991;141,019;850,740;
29-Jan-16;16,680;6,770;#YOK;#YOK;OFFLINE;9,510;75,649;;;;;;;65,370;139,986;140,764;849,861;
30-Jan-16;16,920;6,780;#YOK;#YOK;OFFLINE;11,054;77,072;;;;;;;68,262;139,986;140,842;850,609;
31-Jan-16;17,840;6,140;#YOK;#YOK;OFFLINE;12,826;82,342;;;;;;;75,372;139,949;140,469;850,112;
1-Feb-16;18,440;5,870;#YOK;#YOK;OFFLINE;12,748;76,478;;;;;;;75,125;140,018;140,748;850,422;
2-Feb-16;17,470;7,040;#YOK;#YOK;OFFLINE;12,188;76,008;;;;;;;76,085;139,998;140,964;850,407;
3-Feb-16;17,190;6,120;#YOK;#YOK;OFFLINE;7,834;66,745;140,395;140,455;140,559;141,008;140,535;140,734;88,588;140,009;141,167;850,178;
4-Feb-16;17,590;5,970;#YOK;#YOK;OFFLINE;5,477;59,111;140,425;140,458;140,635;140,989;140,578;140,858;58,349;140,030;141,220;849,950;
5-Feb-16;19,310;1,120;#YOK;#YOK;OFFLINE;8,696;55,389;139,190;139,014;139,240;139,622;139,145;139,410;130,968;138,901;138,744;852,488;
6-Feb-16;18,400;1,230;#YOK;#YOK;OFFLINE;9,060;62,677;130,388;130,400;130,529;130,926;130,489;130,713;81,062;129,990;131,003;849,541;
7-Feb-16;17,230;0,980;1,550;1,620;91,004;270,101;140,061;169,219;177,493;162,786;158,648;156,558;155,861;155,565;154,989;161,321;850,471;
8-Feb-16;16,820;1,090;1,020;1,770;93,936;244,620;140,396;150,185;154,608;152,715;147,846;143,844;141,116;139,871;139,004;146,454;850,236;
9-Feb-16;16,910;0,920;0,920;1,750;94,559;208,667;140,094;149,384;154,332;151,283;146,298;142,954;140,725;139,725;138,999;145,603;849,508;
10-Feb-16;16,840;0,640;#YOK;1,790;#YOK;210,051;140,144;148,629;153,690;151,381;146,466;143,003;140,710;139,597;139,002;145,431;849,710;
11-Feb-16;15,470;0,640;0,900;1,800;94,182;215,079;140,181;147,226;151,592;150,592;146,652;143,115;140,737;139,525;138,998;144,829;851,165;
12-Feb-16;14,410;0,670;1,190;1,910;91,742;260,139;140,161;146,741;150,541;150,878;148,098;144,274;141,768;140,024;139,002;145,243;849,888;
13-Feb-16;15,060;0,580;1,440;1,640;90,438;365,061;140,122;149,800;155,199;156,325;153,196;148,116;144,625;141,976;140,001;148,943;851,261;
14-Feb-16;15,090;0,610;1,670;1,750;88,933;365,067;140,227;149,222;154,486;155,919;152,980;147,922;144,416;141,763;140,007;148,523;850,165;
15-Feb-16;15,630;0,610;1,930;1,800;87,652;364,866;139,956;152,537;159,512;160,433;155,894;150,361;146,513;144,383;142,991;151,664;849,982;
16-Feb-16;15,990;0,500;1,250;1,700;92,183;375,181;120,884;148,899;159,298;161,555;157,023;150,875;146,543;144,285;142,878;149,328;851,529;
17-Feb-16;16,560;0,370;#YOK;#YOK;OFFLINE;24,702;149,776;152,340;147,672;144,670;144,257;143,529;143,622;138,955;142,761;144,793;852,177;
18-Feb-16;16,780;11,040;#YOK;#YOK;OFFLINE;4,043;65,187;123,527;123,552;123,700;124,058;123,676;123,806;65,816;123,437;123,960;849,489;
19-Feb-16;15,390;15,870;#YOK;#YOK;OFFLINE;7,616;76,500;125,903;125,928;126,085;126,379;126,060;126,156;72,414;125,875;126,335;849,889;
20-Feb-16;14,240;12,810;#YOK;#YOK;OFFLINE;8,150;73,425;126,491;126,503;126,673;126,942;126,641;126,738;72,650;126,386;126,919;850,070;
21-Feb-16;14,060;12,310;#YOK;#YOK;OFFLINE;8,129;74,057;128,623;128,622;128,809;129,105;128,712;128,883;74,114;128,489;129,055;850,126;
22-Feb-16;15,740;11,200;#YOK;#YOK;OFFLINE;3,111;70,678;127,794;127,763;127,943;128,267;127,806;128,025;71,628;127,380;128,232;850,010;
23-Feb-16;18,250;9,640;#YOK;#YOK;OFFLINE;0,785;61,036;104,031;94,191;95,245;106,741;107,620;107,925;56,588;106,226;94,940;838,104;
24-Feb-16;18,820;9,520;#YOK;#YOK;OFFLINE;0,499;61,939;118,271;118,318;118,440;118,819;118,430;118,624;60,732;117,949;118,761;849,761;
25-Feb-16;20,350;10,660;#YOK;#YOK;OFFLINE;1,049;65,231;124,337;124,396;124,527;124,856;124,528;124,597;60,547;124,305;124,786;850,897;
26-Feb-16;22,820;10,600;#YOK;#YOK;OFFLINE;-0,064;55,605;119,252;119,309;119,447;119,753;119,410;119,626;58,126;119,057;119,766;850,032;
27-Feb-16;0,000;10,360;2,590;1,460;#SAYI/0!;240,085;135,085;147,250;156,326;153,924;143,809;139,347;136,075;135,178;134,995;143,549;849,707;
28-Feb-16;21,490;10,890;1,980;1,670;90,786;;;;;;;;;;;;;
29-Feb-16;20,150;13,160;2,690;1,420;86,650;190,069;135,053;150,251;165,870;148,817;143,548;141,403;140,405;140,056;140,000;145,736;849,379;
1-Mar-16;18,460;14,640;2,040;2,030;88,949;185,134;135,039;154,974;172,668;151,939;148,089;146,237;145,549;145,178;144,997;150,176;850,216;
2-Mar-16;17,750;14,170;2,480;1,500;86,028;184,958;135,043;154,740;172,283;151,835;148,080;146,323;145,757;145,244;145,005;150,168;850,263;
3-Mar-16;17,690;#YOK;2,100;1,870;88,129;185,057;135,034;154,463;170,709;152,229;148,228;146,378;145,632;145,208;144,992;150,001;850,635;
4-Mar-16;18,210;13,610;4,150;1,600;77,210;175,025;135,101;154,413;172,090;151,457;147,771;146,082;145,497;145,108;144,997;149,799;849,874;RX1A
5-Mar-16;18,510;13,730;2,360;1,650;87,250;174,971;135,092;154,619;172,582;151,538;147,819;146,092;145,473;145,012;144,996;149,863;850,140;RX1A
6-Mar-16;19,480;11,520;3,270;0,920;83,214;200,032;135,092;155,272;174,069;151,723;147,781;145,967;145,411;145,081;145,006;150,370;850,340;
7-Mar-16;19,090;8,520;2,020;1,730;89,419;239,954;140,001;159,213;171,942;158,496;152,808;150,175;148,804;148,344;147,997;154,827;849,540;
8-Mar-16;18,370;9,180;2,080;1,760;88,677;209,257;139,755;158,281;171,678;156,433;151,889;149,785;148,854;148,287;148,002;153,835;849,430;
9-Mar-16;20,890;7,940;#YOK;#YOK;#YOK;204,925;139,886;159,735;176,835;156,128;151,632;149,642;148,874;148,216;148,016;154,360;850,314;
10-Mar-16;20,050;6,290;1,980;2,030;90,125;205,023;140,032;159,035;172,483;157,184;152,265;150,040;148,889;148,414;147,996;154,270;850,572;
11-Mar-16;18,070;7,050;1,500;1,670;91,699;194,995;140,024;157,625;170,559;155,781;151,462;149,444;148,640;148,244;147,994;153,342;849,923;
12-Mar-16;15,910;9,650;1,240;2,050;92,206;198,756;139,773;156,558;166,627;156,499;151,938;149,800;148,659;148,218;148,008;152,956;849,639;
13-Mar-16;17,070;5,790;1,600;1,320;90,627;205,064;140,042;156,855;167,309;156,634;151,750;149,565;148,586;148,218;148,003;153,177;850,594;
14-Mar-16;17,720;5,020;1,430;1,990;91,930;230,093;140,150;157,564;166,685;159,879;153,602;150,597;148,890;148,421;148,007;154,194;850,369;
15-Mar-16;17,670;4,710;1,650;1,510;90,662;220,020;140,082;157,504;166,979;158,875;153,003;150,328;148,802;148,331;148,006;153,893;849,459;
16-Mar-16;17,860;4,760;1,620;1,780;90,929;215,108;140,016;157,714;167,323;158,754;153,087;150,419;148,958;148,445;147,999;153,935;851,445;
17-Mar-16;17,400;5,930;1,800;1,600;89,655;205,007;140,090;157,279;167,298;157,523;152,301;149,918;148,737;148,232;148,000;153,446;849,632;
18-Mar-16;19,650;6,060;2,250;1,190;88,550;169,925;140,131;156,989;166,950;158,589;153,852;151,015;149,164;148,206;147,997;153,250;850,377;
19-Mar-16;20,450;6,850;2,330;1,330;88,606;169,997;139,987;158,958;178,043;154,695;151,100;149,349;148,931;148,459;147,999;153,641;849,888;
20-Mar-16;20,690;7,180;2,260;1,390;89,077;169,957;140,058;159,127;178,619;154,482;151,065;149,329;148,897;148,425;148,004;153,723;850,551;
21-Mar-16;19,480;7,810;1,450;1,990;92,556;160,065;140,082;160,301;177,945;155,825;152,776;151,189;150,757;150,247;149,998;155,031;850,517;
22-Mar-16;17,350;6,860;1,530;1,580;91,182;205,007;140,111;159,382;171,189;158,513;153,854;151,636;150,621;150,209;150,010;155,335;849,417;
23-Mar-16;16,200;6,960;1,400;1,680;91,358;165,015;140,036;158,306;171,547;155,730;152,606;151,034;150,510;150,138;150,000;154,133;850,157;
24-Mar-16;14,490;8,720;1,380;1,600;90,476;165,004;139,895;157,536;168,870;155,807;152,857;151,293;150,830;150,429;150,000;154,010;850,314;
25-Mar-16;14,690;7,410;1,500;1,620;89,789;180,088;140,102;157,431;167,778;156,457;153,034;151,299;150,729;150,262;150,006;154,108;850,154;
26-Mar-16;16,360;6,350;1,370;1,710;91,626;204,027;140,336;158,864;169,350;158,603;153,946;151,780;150,823;150,373;150,007;155,142;851,022;
27-Mar-16;17,420;6,610;1,550;1,920;91,102;189,939;139,977;159,208;171,300;157,884;153,594;151,546;150,660;150,309;150,000;154,987;850,899;
28-Mar-16;19,310;6,770;1,570;1,890;91,869;190,136;140,110;160,680;175,886;157,788;153,580;151,590;150,830;150,410;149,998;155,685;849,912;
29-Mar-16;19,200;8,360;1,650;2,120;91,406;150,032;139,987;160,138;177,861;155,595;152,628;151,149;150,770;150,243;150,003;154,617;850,084;
30-Mar-16;#YOK;#YOK;#YOK;#YOK;OFFLINE;-0,147;75,644;127,279;127,262;127,470;127,842;127,520;127,657;77,075;127,376;127,823;850,151;
31-Mar-16;26,450;0,200;1,630;2,460;93,837;200,071;135,623;164,094;183,754;158,864;154,049;151,695;150,579;150,177;149,854;156,998;850,595;
1-Apr-16;21,720;13,380;2,130;#YOK;90,193;324,937;140,051;168,968;188,134;166,642;159,662;156,045;154,256;153,688;152,988;163,101;851,079;
2-Apr-16;23,270;12,520;1,900;2,140;91,835;339,957;140,214;165,871;181,275;167,223;159,492;155,498;153,255;152,672;152,005;161,637;849,758;
3-Apr-16;17,140;11,410;1,720;1,820;89,965;348,051;140,551;163,752;176,510;167,098;159,427;155,355;152,978;152,494;151,986;160,561;850,077;
4-Apr-16;16,290;13,160;1,870;1,910;88,521;320,095;140,130;162,435;173,989;165,118;158,454;154,930;152,788;152,397;151,999;159,358;849,898;
5-Apr-16;17,130;11,960;1,780;2,140;89,609;305,175;140,221;162,904;174,989;164,647;158,159;154,771;152,865;152,399;152,008;159,429;850,984;
6-Apr-16;17,950;9,070;1,400;3,670;92,201;415,068;139,959;164,473;179,038;171,921;162,665;157,184;153,962;153,031;152,200;162,417;848,401;
7-Apr-16;16,890;0,350;0,900;2,300;94,671;220,020;140,223;158,408;166,732;160,667;155,067;152,315;150,722;150,252;149,993;155,407;850,716;
8-Apr-16;14,830;0,220;0,840;2,120;94,336;200,018;140,074;156,812;163,619;159,745;155,196;152,548;150,918;150,298;150,003;154,507;848,908;
9-Apr-16;14,050;11,220;1,190;2,220;91,530;220,056;140,099;157,423;164,985;160,129;155,380;152,565;150,968;150,413;149,999;155,017;850,576;
10-Apr-16;12,940;14,640;1,190;2,350;90,804;230,036;140,054;156,868;164,300;159,508;154,959;152,258;150,714;150,191;150,000;154,630;850,283;
11-Apr-16;12,970;13,430;1,260;2,560;90,285;229,914;140,109;156,734;163,814;159,851;155,167;152,432;150,852;150,303;149,997;154,637;849,002;
12-Apr-16;32,850;14,710;1,630;1,800;95,038;245,036;140,015;157,255;164,886;160,093;155,108;152,399;150,868;150,371;150,004;154,975;849,195;
13-Apr-16;13,180;14,720;1,620;2,180;87,709;245,027;140,032;157,436;164,968;160,567;155,665;152,784;151,044;150,524;149,995;155,204;850,869;
14-Apr-16;13,950;13,420;1,490;2,010;89,319;245,002;140,067;157,675;165,588;160,633;155,482;152,603;150,974;150,423;150,003;155,333;849,632;
15-Apr-16;15,210;11,050;1,570;1,790;89,678;240,021;140,084;158,472;167,287;160,516;155,135;152,379;150,958;150,454;150,001;155,663;849,846;
16-Apr-16;14,730;11,430;1,420;2,260;90,360;240,185;140,033;157,665;165,539;160,694;155,503;152,640;150,967;150,313;150,010;155,258;849,175;
17-Apr-16;14,200;9,860;1,280;2,460;90,986;239,977;140,038;157,394;164,554;161,364;156,259;153,138;151,205;150,436;149,993;155,295;849,040;
18-Apr-16;14,080;6,880;0,960;2,450;93,182;210,086;139,913;157,010;164,063;160,077;155,432;152,688;151,213;150,477;150,031;154,845;849,196;
19-Apr-16;15,900;7,330;1,970;1,540;87,610;200,087;140,067;157,858;167,313;158,080;153,622;151,557;150,639;150,253;150,007;154,688;849,065;
20-Apr-16;16,000;7,130;1,200;3,190;92,500;187,987;140,106;157,602;166,019;158,744;154,425;152,071;150,884;150,335;150,003;154,669;849,912;
21-Apr-16;15,470;7,360;1,130;2,600;92,696;192,990;140,089;157,365;165,619;158,739;154,271;151,908;150,679;150,225;149,998;154,530;849,674;
22-Apr-16;15,000;8,950;1,360;2,340;90,933;150,033;140,074;156,617;167,377;155,442;152,483;151,050;150,513;150,023;149,994;153,418;849,865;
23-Apr-16;16,950;8,430;1,950;1,450;88,496;150,011;139,957;157,586;172,037;155,241;152,235;150,803;150,308;149,963;149,997;153,747;850,183;
24-Apr-16;14,610;7,430;1,570;1,500;89,254;145,083;140,023;156,246;167,549;154,778;152,076;150,774;150,423;149,924;150,004;153,206;848,990;
25-Apr-16;14,570;0,180;1,310;1,380;91,009;155,059;140,017;156,018;164,546;156,450;152,681;151,041;150,471;150,072;150,004;153,442;850,236;
26-Apr-16;12,990;0,180;0,900;1,440;93,072;150,102;140,036;155,239;162,376;156,442;152,990;151,227;150,568;150,097;149,995;153,069;849,945;
27-Apr-16;12,330;0,200;0,890;1,650;92,782;152,101;140,085;155,105;161,665;156,705;153,376;151,519;150,758;150,189;150,009;153,136;849,581;
28-Apr-16;12,450;0,140;1,140;1,660;90,843;185,059;140,076;155,159;160,787;158,915;154,820;152,179;150,708;150,160;150,011;153,498;849,688;
29-Apr-16;12,260;0,120;0,820;1,640;93,312;185,058;140,093;155,104;160,721;158,914;154,602;152,036;150,695;150,155;149,997;153,475;849,576;
30-Apr-16;12,280;0,160;0,750;2,050;93,893;195,169;140,179;155,528;160,695;159,726;155,982;153,180;151,447;150,660;150,012;154,075;849,945;
1-May-16;12,090;0,170;0,870;1,810;92,804;194,939;140,028;154,995;160,044;159,368;155,770;152,858;151,075;150,356;150,002;153,640;850,305;
2-May-16;12,070;0,190;0,930;1,770;92,295;195,168;139,907;155,331;160,595;159,788;155,917;152,907;151,163;150,520;150,001;153,843;849,561;
3-May-16;12,560;0,190;0,000;0,000;100,000;180,179;140,068;155,519;161,492;158,780;154,598;152,110;150,887;150,329;150,005;153,722;849,630;
4-May-16;12,890;0,150;0,990;1,380;92,320;170,254;140,085;155,447;162,028;157,694;153,592;151,456;150,551;150,030;150,001;153,282;851,133;
5-May-16;13,190;0,120;0,930;1,520;92,949;180,044;140,086;155,680;161,957;158,820;154,360;151,904;150,678;150,182;150,002;153,588;850,232;
6-May-16;13,510;0,120;0,860;1,750;93,634;180,052;140,098;155,580;161,787;158,895;154,567;151,948;150,566;150,084;150,002;153,512;850,650;
7-May-16;16,840;6,360;1,840;1,190;89,074;204,875;140,016;158,495;168,665;158,613;153,415;151,233;150,354;149,972;150,001;154,754;850,549;
8-May-16;19,240;7,700;1,520;2,000;92,100;204,938;139,991;160,066;172,770;159,426;154,030;151,643;150,532;150,109;150,007;155,368;849,587;
9-May-16;19,970;6,240;1,600;1,970;91,988;205,022;140,072;160,380;173,187;159,858;154,357;151,952;150,860;150,246;150,001;155,630;850,415;
10-May-16;19,070;6,420;1,690;2,020;91,138;210,083;140,072;159,536;170,736;160,379;154,526;151,950;150,652;150,179;150,009;155,361;849,794;
11-May-16;17,890;2,890;1,420;1,820;92,063;223,704;139,867;158,435;166,832;163,114;156,573;153,096;151,050;150,311;149,996;155,385;850,017;
12-May-16;17,190;0,230;1,040;1,850;93,950;188,338;140,067;157,342;165,361;160,944;155,018;152,272;150,615;150,099;150,000;154,349;849,566;
13-May-16;15,890;0,250;0,860;2,220;94,588;150,107;140,070;156,198;164,753;157,522;153,372;151,485;150,655;150,060;150,002;153,345;850,179;
14-May-16;15,300;0,240;0,840;2,200;94,510;135,141;140,108;155,697;164,849;156,213;152,783;151,149;150,501;149,970;150,003;152,960;849,985;
15-May-16;15,950;8,300;1,540;2,130;90,345;174,989;140,052;162,337;175,698;161,070;157,633;156,094;155,601;155,123;155,001;158,695;850,121;
16-May-16;15,970;8,920;1,630;2,020;89,793;184,938;140,001;163,141;177,074;161,850;158,216;156,504;156,092;155,620;154,999;159,531;850,089;
17-May-16;17,550;7,000;1,430;2,480;91,852;208,896;140,145;163,482;176,160;163,935;158,767;156,689;155,546;155,274;154,987;159,825;849,025;
18-May-16;16,470;8,440;0,960;4,120;94,171;220,036;140,166;157,849;166,416;162,355;156,121;152,968;151,094;150,426;150,000;155,229;849,825;
19-May-16;13,960;8,270;1,310;1,830;90,616;220,065;140,008;156,579;163,936;161,615;155,702;152,675;150,863;150,339;150,003;154,468;849,910;
20-May-16;13,870;8,250;1,340;1,790;90,339;220,104;140,063;156,302;163,436;161,868;155,916;152,708;150,823;150,202;150,003;154,317;851,085;
21-May-16;13,720;7,990;1,070;2,460;92,201;220,059;140,046;156,030;162,732;161,647;156,271;152,996;150,885;150,218;150,002;154,234;850,638;
22-May-16;13,460;8,030;1,170;2,050;91,308;219,993;140,024;156,127;162,851;161,604;156,103;152,938;150,997;150,333;149,998;154,274;849,303;
23-May-16;13,600;8,450;1,300;2,080;90,441;218,006;140,033;155,912;162,710;161,372;155,823;152,662;150,759;150,170;150,000;154,137;849,690;
24-May-16;13,350;8,310;1,190;1,990;91,086;209,989;140,026;155,639;162,303;160,720;155,374;152,424;150,707;150,118;150,002;153,884;850,445;
25-May-16;13,060;10,270;1,170;2,600;91,041;195,019;140,036;155,709;162,688;159,688;154,542;151,980;150,769;150,176;150,005;153,756;849,334;
26-May-16;14,920;0,220;1,060;1,830;92,895;180,006;139,987;155,878;163,077;160,062;154,704;152,079;150,723;150,186;150,000;153,834;849,818;
27-May-16;14,560;0,160;1,070;1,490;92,651;190,060;140,025;155,404;161,722;160,907;154,980;152,550;150,624;150,037;149,999;153,760;850,467;
28-May-16;14,510;0,170;1,140;1,660;92,143;180,146;140,084;155,281;161,609;160,358;154,648;152,331;150,572;150,075;150,005;153,582;849,768;
29-May-16;16,580;8,360;2,100;1,610;87,334;189,961;140,017;156,525;164,353;161,206;155,114;152,640;150,746;150,120;150,001;154,401;850,483;
30-May-16;17,500;8,780;1,960;1,360;88,800;145,008;140,111;156,176;171,057;155,611;152,269;150,995;150,533;149,965;150,002;153,517;850,366;
31-May-16;19,130;10,160;1,850;1,790;90,329;144,372;140,068;157,004;173,499;156,441;152,621;151,082;150,441;149,919;149,998;153,938;849,438;
1-Jun-16;19,960;9,920;1,750;#YOK;91,232;140,076;140,108;157,152;175,439;156,097;152,526;151,112;150,613;150,026;149,992;154,046;850,185;
2-Jun-16;18,530;9,340;1,540;2,610;91,689;187,645;140,535;158,323;170,732;158,993;153,933;151,933;151,111;150,434;150,003;155,400;848,839;
3-Jun-16;18,260;6,160;1,590;1,960;91,292;203,997;139,949;157,930;167,494;161,811;155,262;152,690;150,981;150,498;150,004;155,492;850,606;
4-Jun-16;18,320;6,430;1,820;1,490;90,066;185,031;140,034;157,659;168,403;159,420;153,951;151,910;150,911;150,432;149,996;154,962;849,230;
5-Jun-16;16,140;4,620;1,220;2,070;92,441;260,261;140,069;157,078;164,448;165,919;159,186;154,998;151,442;150,477;149,999;155,748;850,739;
6-Jun-16;#YOK;#YOK;#YOK;#YOK;#YOK;249,244;139,863;155,153;160,745;162,837;158,487;154,880;151,581;150,429;150,005;154,415;849,714;
7-Jun-16;12,090;6,040;1,310;1,510;89,165;250,177;140,096;154,441;159,404;161,850;158,452;154,887;151,569;150,357;149,998;153,969;849,445;
8-Jun-16;11,570;5,770;1,090;2,260;90,579;244,991;140,076;154,143;158,867;160,795;157,810;154,654;151,737;150,467;149,996;153,761;849,435;
9-Jun-16;11,090;6,510;#YOK;#YOK;#YOK;244,961;140,057;153,859;158,464;160,247;157,470;154,368;151,616;150,393;150,003;153,535;850,204;
10-Jun-16;11,770;7,870;1,320;1,770;88,785;240,168;140,062;154,389;159,380;161,530;157,746;154,377;151,297;150,288;150,007;153,849;848,929;
11-Jun-16;11,640;6,560;1,500;1,620;87,113;260,014;140,115;154,091;159,021;161,754;158,534;155,004;151,660;150,333;149,997;153,918;850,564;
12-Jun-16;12,240;6,490;1,110;1,740;90,931;235,902;139,704;154,387;159,749;161,974;157,477;154,118;151,057;150,236;150,001;153,832;849,652;
13-Jun-16;13,140;5,740;1,210;1,760;90,791;254,937;140,044;154,954;160,603;163,357;158,909;155,088;151,514;150,306;150,004;154,429;849,452;
14-Jun-16;13,080;12,180;1,170;2,530;91,055;215,117;140,159;155,103;161,546;161,476;155,841;153,087;150,768;150,137;150,001;153,904;850,113;
15-Jun-16;13,330;0,300;0,800;2,230;93,998;209,698;139,928;154,532;159,815;161,297;157,340;153,589;151,428;150,264;150,005;153,760;851,845;
16-Jun-16;11,570;0,350;0,910;2,000;92,135;254,882;140,089;153,811;158,344;160,586;158,378;154,847;152,181;150,577;150,003;153,802;850,485;
17-Jun-16;13,050;4,540;1,170;2,340;91,034;250,014;140,101;154,878;160,252;162,373;158,573;154,659;151,676;150,384;150,004;154,312;849,630;
18-Jun-16;12,990;4,700;1,040;2,270;91,994;250,023;140,097;154,685;160,106;162,732;158,740;154,727;151,821;150,384;150,000;154,254;849,350;
19-Jun-16;12,620;6,380;0,950;3,270;92,472;255,098;140,111;154,656;160,075;162,731;158,769;154,708;151,788;150,456;150,005;154,322;847,910;
20-Jun-16;12,760;5,920;1,540;2,210;87,931;256,986;140,063;154,596;159,892;162,662;158,816;154,710;151,657;150,335;149,995;154,218;849,449;
21-Jun-16;13,650;#YOK;1,170;1,870;91,429;256,886;140,014;155,471;161,482;164,318;159,184;154,830;151,519;150,382;150,002;154,826;849,340;
22-Jun-16;14,580;3,560;1,630;1,620;88,820;220,022;139,999;155,331;161,410;163,316;157,562;153,851;151,160;150,220;149,998;154,275;849,672;
23-Jun-16;16,520;3,400;1,550;1,800;90,617;240,034;140,084;156,428;163,256;166,178;159,201;154,641;151,189;150,210;150,007;155,518;851,032;
24-Jun-16;26,390;5,120;2,560;1,740;90,299;249,983;140,104;162,879;177,366;167,013;156,630;152,815;150,773;150,192;150,018;159,041;849,394;
25-Jun-16;26,340;4,610;2,080;2,420;92,103;260,015;140,081;163,157;176,382;169,203;157,768;153,454;150,924;150,227;149,989;159,158;850,874;
26-Jun-16;25,350;4,780;2,050;1,890;91,913;252,274;140,098;161,898;169,528;172,847;158,967;153,819;150,783;150,096;149,957;158,958;851,176;
27-Jun-16;24,990;4,890;2,520;1,750;89,916;245,000;140,076;160,881;165,007;177,418;160,556;154,462;150,850;150,174;150,003;158,592;850,791;
28-Jun-16;25,050;4,540;2,360;1,620;90,579;264,973;140,103;160,815;165,520;184,663;164,166;156,042;151,130;150,348;150,018;158,932;850,533;
29-Jun-16;25,560;3,090;2,130;2,250;91,667;259,984;140,142;160,501;165,684;186,084;165,801;157,306;151,432;150,368;150,033;158,870;850,318;
30-Jun-16;24,600;3,660;2,000;2,080;91,870;260,046;140,065;160,136;165,562;186,822;166,695;157,986;151,239;150,278;150,010;159,211;850,421;
1-Jul-16;24,370;2,380;1,980;1,790;91,875;256,455;140,260;159,520;165,169;187,223;168,121;158,752;151,153;150,130;149,949;158,747;850,393;
2-Jul-16;5,590;2,570;1,910;1,640;65,832;265,048;140,006;158,503;164,292;181,625;170,878;160,465;151,668;150,293;150,002;158,275;849,437;
3-Jul-16;19,810;2,340;2,400;1,860;87,885;255,033;142,080;157,467;162,244;175,210;170,379;160,491;151,837;150,329;149,994;157,304;850,303;
4-Jul-16;18,480;2,400;1,850;2,040;89,989;235,071;145,128;161,699;166,110;181,092;170,590;162,629;156,150;155,216;155,002;160,969;850,589;
5-Jul-16;18,080;2,340;1,660;1,960;90,819;235,102;145,090;161,454;165,830;179,984;170,807;162,726;156,165;155,225;155,003;161,090;850,995;
6-Jul-16;17,410;3,350;1,650;1,850;90,523;250,010;145,104;161,287;165,806;177,951;172,108;163,647;156,416;155,254;154,998;161,172;850,389;
7-Jul-16;17,180;2,820;2,240;1,520;86,962;250,175;145,104;161,243;165,792;178,302;171,727;163,325;156,128;155,234;155,009;161,077;849,825;
8-Jul-16;16,720;3,150;1,590;1,790;90,490;245,060;145,118;161,051;165,424;176,969;171,540;163,321;156,198;155,202;155,001;160,662;850,593;
9-Jul-16;16,820;2,440;1,630;1,830;90,309;249,948;145,085;161,086;165,562;176,670;172,024;163,610;156,341;155,170;154,995;160,976;850,242;
10-Jul-16;17,590;3,080;1,830;1,620;89,596;240,050;145,048;161,317;165,760;177,939;172,050;163,516;156,188;155,185;155,008;161,015;850,461;
11-Jul-16;20,370;5,200;1,620;2,350;92,047;145,253;145,098;160,386;163,080;179,466;163,153;158,120;155,530;154,877;154,995;159,383;849,798;
12-Jul-16;16,550;3,260;1,590;1,950;90,393;477,583;145,245;163,242;172,822;183,657;183,470;171,503;159,536;155,978;154,942;165,798;851,041;
13-Jul-16;16,410;3,800;1,620;2,250;90,128;484,638;145,171;162,152;171,036;179,690;181,056;171,282;160,617;156,326;154,940;165,011;850,107;
14-Jul-16;14,490;4,910;1,740;1,930;87,992;477,594;145,262;161,637;169,738;177,606;179,002;170,073;160,286;156,227;155,016;164,215;849,318;
15-Jul-16;15,230;5,780;1,900;1,660;87,525;478,753;145,212;162,316;171,160;180,297;181,316;170,886;159,712;155,994;155,008;164,856;850,663;
16-Jul-16;1,590;0,260;1,410;2,080;11,321;431,402;145,565;162,357;170,595;178,939;180,354;170,502;159,960;156,177;154,998;164,667;849,674;
17-Jul-16;15,790;#YOK;1,890;1,760;88,030;429,730;145,026;161,796;169,583;177,050;179,319;170,389;160,187;156,224;154,990;164,095;849,976;
18-Jul-16;15,580;0,240;1,500;1,700;90,372;434,666;145,524;161,541;168,910;175,658;178,049;170,274;160,826;156,421;154,998;163,869;850,532;
19-Jul-16;14,160;0,240;0,940;1,850;93,362;199,916;145,038;159,353;162,272;169,518;168,863;162,315;156,180;155,089;154,992;158,996;850,281;
20-Jul-16;13,850;0,200;0,960;2,020;93,069;230,097;145,030;159,430;162,707;168,960;169,282;163,066;156,847;155,287;155,000;159,465;849,892;
21-Jul-16;13,580;0,150;1,140;2,060;91,605;265,065;145,109;159,566;163,232;168,423;169,620;163,944;157,916;155,611;154,998;159,988;850,535;
22-Jul-16;13,610;0,170;1,090;1,840;91,991;259,941;145,098;159,761;163,450;169,423;170,393;164,008;157,153;155,354;154,996;160,004;849,472;
23-Jul-16;16,500;0,170;1,320;2,180;92,000;229,994;145,099;160,444;164,172;171,616;171,805;164,328;157,130;155,353;155,003;160,290;850,566;
24-Jul-16;14,790;0,250;1,220;1,890;91,751;189,146;145,080;159,544;162,335;170,096;168,775;162,083;156,216;155,157;155,003;159,070;849,871;
25-Jul-16;14,080;0,130;1,030;1,960;92,685;213,721;144,861;159,554;162,651;169,396;169,522;162,993;156,775;155,297;154,998;159,443;850,813;
26-Jul-16;15,020;0,340;1,050;1,980;93,009;145,092;145,108;159,074;161,343;171,390;165,935;160,003;155,795;155,016;155,002;158,396;849,999;
27-Jul-16;11,490;0,200;1,410;1,810;87,728;209,857;144,572;158,466;161,066;166,001;166,582;161,705;157,003;155,281;155,015;158,511;852,021;
28-Jul-16;10,720;0,290;0,840;1,830;92,164;210,027;145,031;158,178;160,602;165,148;165,756;161,275;156,866;155,351;155,001;158,360;849,784;
29-Jul-16;14,650;0,280;1,110;1,770;92,423;205,036;145,126;159,846;162,781;170,873;169,668;162,512;156,053;155,130;155,003;159,398;849,229;
30-Jul-16;2,230;0,000;1,090;1,920;51,121;215,086;145,087;160,058;163,188;171,059;170,430;163,117;156,269;155,162;155,001;159,680;850,070;
31-Jul-16;#YOK;#YOK;#YOK;#YOK;OFFLINE;17,470;90,947;151,767;152,054;158,220;166,718;157,620;151,175;144,802;150,671;151,442;851,310;
1-Aug-16;#YOK;#YOK;#YOK;#YOK;OFFLINE;5,972;103,244;120,102;120,065;120,244;120,541;120,237;120,350;87,934;119,957;120,313;850,850;
2-Aug-16;#YOK;#YOK;#YOK;#YOK;OFFLINE;4,772;100,443;111,144;111,106;111,422;111,570;111,263;111,379;89,170;111,005;111,224;850,071;
3-Aug-16;#YOK;#YOK;#YOK;#YOK;OFFLINE;4,300;102,218;110,559;110,489;110,872;110,920;110,681;110,765;89,426;110,395;110,656;849,757;
4-Aug-16;#YOK;#YOK;#YOK;#YOK;OFFLINE;4,069;102,722;111,736;111,725;112,114;112,228;111,861;111,943;90,693;111,609;111,841;850,703;
5-Aug-16;15,550;0,010;0,930;1,960;94,019;175,048;130,073;158,672;161,992;170,670;169,565;161,861;155,911;154,991;155,013;157,648;850,290;
6-Aug-16;14,590;0,040;1,190;1,940;91,844;300,031;130,134;158,450;164,630;170,872;172,576;165,320;157,978;155,510;155,002;159,110;850,922;
7-Aug-16;11,730;0,390;1,470;1,440;87,468;203,662;129,879;157,481;160,750;166,241;167,178;161,565;156,325;155,111;155,008;157,021;849,693;
8-Aug-16;8,650;0,230;0,780;1,590;90,983;306,032;130,101;155,646;160,483;163,890;165,160;161,559;157,921;155,553;154,997;156,651;849,688;
9-Aug-16;8,980;0,180;0,620;2,180;93,096;215,289;130,352;156,439;159,515;163,259;164,198;160,265;156,716;155,289;155,008;156,357;849,798;
10-Aug-16;9,590;0,410;0,590;2,660;93,848;124,997;130,062;156,728;158,466;163,137;162,564;158,703;156,011;154,965;155,031;156,075;850,353;
11-Aug-16;#YOK;#YOK;0,750;1,580;#YOK;223,199;129,867;156,149;159,309;162,517;163,577;160,174;157,214;155,453;154,981;156,310;850,527;
12-Aug-16;11,750;0,130;0,860;1,750;92,681;235,110;130,015;157,399;161,421;166,055;167,528;162,359;157,462;155,447;154,996;157,522;851,224;
13-Aug-16;12,320;0,200;0,810;2,270;93,425;235,172;130,038;157,628;161,763;166,561;167,880;162,565;157,681;155,665;155,012;157,818;849,873;
14-Aug-16;11,390;0,250;0,650;2,820;94,293;208,131;130,336;157,432;160,906;165,540;166,499;161,524;157,136;155,553;154,988;157,411;851,143;
15-Aug-16;13,510;0,110;0,950;1,980;92,968;150,011;129,998;157,927;160,461;167,640;166,828;160,528;155,984;155,040;155,012;157,109;849,809;
16-Aug-16;13,480;0,340;0,910;2,150;93,249;139,675;129,816;158,098;160,445;168,282;166,434;160,229;156,061;155,060;154,987;157,142;850,074;
17-Aug-16;#YOK;#YOK;#YOK;#YOK;#YOK;173,370;149,387;157,845;159,306;162,616;162,516;159,355;157,130;156,069;155,352;158,080;846,473;
18-Aug-16;11,720;0,070;1,150;1,400;90,188;224,742;150,117;164,020;166,715;171,924;172,631;167,184;161,482;160,520;160,050;164,084;847,788;
19-Aug-16;12,450;0,180;1,430;1,130;88,514;245,054;150,104;167,239;170,864;178,791;176,277;169,395;163,921;163,234;162,994;167,102;849,771;
20-Aug-16;0,310;0,220;1,680;1,150;-441,935;245,044;150,087;167,835;171,796;181,103;176,667;169,268;163,797;163,168;163,005;167,550;850,219;
21-Aug-16;13,740;0,240;1,790;1,150;86,972;235,050;150,070;167,875;171,687;181,405;176,307;169,100;163,954;163,311;163,001;167,559;850,890;
22-Aug-16;14,940;8,480;2,410;1,260;83,869;234,986;150,083;168,159;172,012;183,453;175,267;168,465;163,854;163,287;163,007;167,761;849,860;
23-Aug-16;16,540;11,000;2,230;1,870;86,518;234,968;150,076;169,037;173,188;185,453;176,618;169,157;163,969;163,200;163,007;168,411;849,334;
24-Aug-16;19,380;13,130;3,670;1,240;81,063;269,918;150,128;172,432;177,728;192,606;177,868;170,420;165,858;165,267;165,004;171,627;849,908;
25-Aug-16;16,090;9,460;1,850;1,950;88,502;255,026;150,092;166,359;170,650;180,780;177,446;168,715;161,447;160,393;160,001;166,194;850,293;
26-Aug-16;17,010;9,230;#YOK;#YOK;#YOK;254,932;145,041;156,979;160,493;167,297;170,912;162,472;153,044;150,657;150,002;157,025;850,389;
27-Aug-16;16,350;9,120;1,430;2,700;91,254;269,928;145,031;156,698;160,179;165,687;168,749;161,964;154,233;150,959;149,995;156,991;849,712;
28-Aug-16;15,430;8,130;1,390;2,490;90,992;270,193;145,026;156,345;159,609;164,624;167,626;161,375;154,271;151,016;150,001;156,683;849,951;
29-Aug-16;15,110;9,360;1,440;2,190;90,470;280,043;145,079;158,256;161,917;167,259;170,204;163,423;156,008;153,059;151,994;158,740;849,922;
30-Aug-16;14,490;10,390;1,530;2,320;89,441;265,336;145,087;157,524;160,793;165,777;168,583;162,527;155,663;152,875;151,994;157,974;850,113;
31-Aug-16;14,450;10,610;1,720;2,170;88,097;265,101;145,095;157,481;160,729;165,773;168,681;162,535;155,460;152,708;152,004;157,858;850,149;
1-Sep-16;16,160;0,400;1,140;2,320;92,946;234,992;145,099;157,489;160,597;165,749;168,636;162,198;155,402;152,721;151,996;157,785;849,548;
2-Sep-16;14,870;0,330;1,210;2,340;91,863;241,220;142,445;156,643;159,880;164,271;166,978;161,573;155,810;152,913;151,998;157,216;850,045;
3-Sep-16;13,100;0,250;1,060;2,030;91,908;230,029;142,060;155,957;158,865;162,866;165,206;160,447;155,426;152,812;152,001;156,531;849,408;
4-Sep-16;12,900;0,220;1,050;1,680;91,860;219,994;142,101;155,772;158,484;162,689;165,139;160,171;154,753;152,512;152,005;156,196;850,248;
5-Sep-16;12,000;0,250;0,960;2,100;92,000;230,051;142,101;155,296;157,922;161,393;163,441;159,408;155,322;152,639;152,002;155,838;849,564;
6-Sep-16;11,650;0,240;0,910;1,720;92,189;216,430;142,304;155,299;157,710;161,395;163,566;159,286;154,766;152,460;152,000;155,708;850,683;
7-Sep-16;14,100;0,310;1,150;1,530;91,844;184,973;142,078;155,845;158,213;163,648;166,654;160,252;153,464;152,125;152,004;155,811;849,438;
8-Sep-16;17,410;0,320;1,140;1,790;93,452;184,981;142,101;157,060;159,929;167,469;170,716;161,807;153,297;152,136;152,004;156,801;849,717;
9-Sep-16;19,530;0,250;1,400;1,940;92,832;170,177;142,077;157,622;160,480;170,329;171,623;161,386;153,250;152,198;151,998;157,090;849,755;
10-Sep-16;20,740;#YOK;1,430;1,920;93,105;170,050;142,041;157,949;160,959;171,631;172,381;161,679;153,395;152,344;152,007;157,425;849,896;
11-Sep-16;20,260;0,210;1,400;1,810;93,090;169,921;142,093;157,850;160,857;171,505;172,281;161,618;153,286;152,290;151,996;157,363;849,414;
12-Sep-16;#YOK;#YOK;1,120;2,130;#YOK;180,076;142,126;157,160;159,990;167,936;170,941;161,712;153,558;152,257;152,002;156,952;849,827;
13-Sep-16;0,000;0,380;1,510;1,780;#SAYI/0!;180,019;142,119;157,734;160,812;170,201;172,806;162,322;153,511;152,339;151,996;157,425;850,440;
14-Sep-16;20,290;0,270;1,760;1,590;91,326;184,936;142,078;157,969;161,300;171,212;173,729;162,591;153,375;152,310;152,004;157,651;849,494;
15-Sep-16;20,680;0,250;1,660;1,690;91,973;185,628;142,020;157,951;161,347;171,287;173,981;162,762;153,364;152,242;151,991;157,685;848,761;
16-Sep-16;18,690;0,280;1,540;1,790;91,760;235,036;142,033;158,275;162,218;169,182;173,104;164,264;155,118;152,762;151,998;158,635;849,904;
17-Sep-16;13,160;0,250;1,060;1,710;91,945;235,001;142,093;155,793;158,664;162,344;164,780;160,516;156,001;152,877;152,003;156,503;850,204;
18-Sep-16;11,940;0,360;1,000;2,110;91,625;214,889;142,154;155,227;157,573;161,138;163,106;159,224;155,206;152,632;152,004;155,725;849,514;
19-Sep-16;10,700;0,280;1,050;1,520;90,187;214,955;142,074;154,880;157,095;160,217;162,215;158,832;155,220;152,637;151,991;155,417;849,102;
20-Sep-16;11,970;0,580;1,060;1,410;91,145;194,951;138,096;155,129;157,603;162,107;164,705;159,759;154,082;152,290;152,003;155,337;849,615;
21-Sep-16;13,710;0,310;1,050;2,010;92,341;190,059;138,101;155,490;158,035;162,737;165,331;160,184;154,575;152,477;152,006;155,651;849,380;
22-Sep-16;14,800;0,220;1,370;1,610;90,743;240,042;138,085;156,159;159,843;164,567;167,656;162,011;155,684;152,699;152,019;156,818;849,946;
23-Sep-16;20,530;0,160;1,670;1,460;91,866;240,074;137,838;158,655;163,546;171,980;176,774;166,043;154,500;152,460;151,998;158,831;850,223;
24-Sep-16;25,020;0,190;1,740;1,820;93,046;229,871;137,650;160,225;165,820;178,424;180,416;166,396;153,870;152,219;151,974;159,809;851,316;
25-Sep-16;25,660;0,260;1,780;1,850;93,063;250,122;138,131;161,338;167,814;180,964;182,772;168,003;154,722;152,863;152,029;161,335;849,794;
26-Sep-16;25,970;0,330;1,820;1,970;92,992;250,008;138,041;159,157;165,229;176,852;181,660;167,006;152,914;150,622;150,005;159,162;851,612;
27-Sep-16;21,490;0,410;1,090;3,090;94,928;216,150;138,649;156,898;160,992;169,190;174,108;164,007;152,860;150,689;149,989;156,918;849,700;
28-Sep-16;#YOK;#YOK;#YOK;#YOK;#YOK;175,013;138,063;155,762;158,832;167,791;172,400;162,058;151,693;150,201;150,003;155,308;850,067;
29-Sep-16;20,870;0,530;1,580;1,750;92,429;174,966;138,046;155,897;158,931;167,730;172,154;161,975;151,973;150,387;150,003;155,487;850,518;
30-Sep-16;22,710;0,290;1,650;1,650;92,734;180,056;138,066;156,378;159,889;170,068;174,454;162,583;151,617;150,308;150,005;155,968;849,497;
1-Oct-16;23,770;0,220;1,940;1,530;91,838;180,026;138,077;156,696;160,403;171,853;175,509;162,636;151,429;150,267;150,007;156,167;850,321;
2-Oct-16;24,440;0,200;1,640;2,070;93,290;180,032;138,061;156,909;160,670;172,031;175,723;163,028;151,666;150,337;149,996;156,408;850,036;
3-Oct-16;23,150;0,270;1,460;1,880;93,693;180,003;138,142;156,477;160,110;171,013;175,311;162,681;151,421;150,264;150,005;156,062;850,225;
4-Oct-16;21,590;0,250;1,710;1,340;92,080;180,053;138,068;155,997;159,394;169,079;174,227;162,443;151,318;150,206;150,002;155,642;849,576;
5-Oct-16;23,290;0,170;2,080;1,150;91,069;164,083;138,093;156,253;159,526;172,577;173,313;160,570;151,037;150,182;150,007;155,558;850,514;
6-Oct-16;20,690;0,200;1,380;1,740;93,330;184,589;138,113;155,817;159,175;167,620;172,981;162,697;151,833;150,253;149,998;155,612;849,931;
7-Oct-16;16,550;0,270;1,110;1,760;93,293;185,031;138,039;154,436;157,171;163,008;166,632;160,236;152,493;150,431;149,999;154,542;850,024;
8-Oct-16;18,600;0,210;1,300;1,760;93,011;200,037;138,097;155,288;158,641;165,153;169,599;161,974;152,715;150,513;150,007;155,541;850,401;
9-Oct-16;19,910;0,220;1,590;1,520;92,014;199,932;138,047;155,785;159,401;166,892;172,150;163,019;152,313;150,510;149,995;155,944;850,577;
10-Oct-16;21,770;0,300;1,450;1,990;93,339;220,181;138,144;156,594;160,973;168,936;174,195;164,319;152,948;150,589;150,006;156,951;850,734;
11-Oct-16;#YOK;#YOK;#YOK;#YOK;OFFLINE;-0,052;120,516;141,052;141,154;141,158;141,433;141,034;141,216;114,573;140,582;141,658;849,529;
12-Oct-16;21,320;0,210;1,400;1,900;93,433;202,820;139,651;157,123;160,106;169,857;174,038;162,542;151,589;150,300;150,010;156,255;849,251;
13-Oct-16;21,700;0,230;1,490;2,320;93,134;225,069;140,084;157,996;161,221;170,604;175,372;163,837;152,363;150,480;150,000;157,085;850,480;
14-Oct-16;18,250;0,220;1,220;2,240;93,315;251,978;140,005;156,991;160,036;166,233;170,956;163,375;153,551;150,837;149,998;156,565;850,336;
15-Oct-16;19,190;#YOK;1,400;1,920;92,705;220,001;140,106;156,974;159,501;167,156;172,187;162,692;152,591;150,508;149,998;156,125;849,760;
16-Oct-16;22,300;0,300;2,720;0,980;87,803;260,235;140,038;158,349;162,964;171,428;178,038;167,403;152,981;150,433;150,010;158,233;850,788;
17-Oct-16;28,420;0,220;2,920;1,210;89,726;260,106;140,088;160,634;166,642;180,253;186,478;167,456;152,330;150,353;150,001;160,135;849,865;
18-Oct-16;0,000;0,300;2,700;1,300;#SAYI/0!;260,071;140,076;157,042;162,405;173,540;182,621;166,920;149,630;146,501;146,003;156,849;850,374;
19-Oct-16;26,660;0,680;2,520;1,110;90,548;260,103;140,094;158,309;163,597;175,264;183,643;166,235;150,760;148,458;148,001;158,024;849,287;
20-Oct-16;23,940;0,660;1,630;2,320;93,191;259,986;140,053;159,123;163,904;172,639;177,748;167,702;154,816;151,047;149,995;159,150;851,036;
21-Oct-16;20,310;0,470;1,530;2,150;92,467;260,002;140,088;157,423;161,452;167,690;171,515;165,517;155,448;151,334;150,004;157,848;850,699;
22-Oct-16;14,540;0,160;1,140;1,800;92,160;279,950;140,142;155,213;158,605;162,688;165,053;161,601;155,515;151,314;150,001;155,940;850,414;
23-Oct-16;13,500;0,290;1,330;2,000;90,148;260,053;140,081;154,381;157,144;160,450;162,559;160,007;155,473;151,432;150,002;154,987;850,437;
24-Oct-16;#YOK;#YOK;#YOK;#YOK;#YOK;234,985;140,069;154,154;156,510;160,127;162,075;159,311;154,568;151,101;149,990;154,552;850,288;
25-Oct-16;14,480;0,180;1,200;1,890;91,713;230,259;140,072;159,449;162,528;168,037;170,174;165,107;158,032;155,690;155,010;159,605;849,632;
26-Oct-16;16,180;0,200;1,090;2,200;93,263;230,070;140,076;159,995;163,297;169,417;171,700;165,919;158,255;155,673;154,999;160,085;850,123;
27-Oct-16;16,170;0,240;#YOK;1,970;#YOK;230,128;140,025;159,989;163,387;168,660;171,509;165,804;158,569;155,782;155,002;160,127;850,230;
28-Oct-16;16,390;0,250;1,390;1,630;91,519;230,047;140,107;159,916;163,456;168,991;172,538;166,563;158,042;155,574;155,011;160,163;850,192;
29-Oct-16;20,010;0,270;1,660;1,570;91,704;230,048;140,094;161,363;165,537;173,573;178,340;169,046;157,325;155,432;155,004;161,289;850,755;
30-Oct-16;21,920;0,220;1,880;1,740;91,423;240,040;140,059;162,333;167,150;176,105;180,974;170,434;157,797;155,645;155,006;162,329;850,218;
31-Oct-16;20,610;0,260;1,790;1,550;91,315;240,034;139,982;162,466;167,390;176,477;181,309;170,571;157,904;155,661;155,012;162,435;850,304;
1-Nov-16;25,500;0,220;2,110;1,510;91,725;240,225;140,021;163,740;169,410;181,972;185,865;171,065;157,074;155,449;155,003;163,404;850,040;
2-Nov-16;25,130;0,250;1,610;2,220;93,593;240,058;140,075;163,621;169,188;180,513;183,894;170,841;157,645;155,551;154,993;163,402;850,399;
3-Nov-16;23,490;0,370;1,570;2,030;93,316;240,075;140,110;162,981;168,173;178,122;182,330;170,656;157,841;155,603;155,004;162,916;850,427;
4-Nov-16;15,820;0,330;1,300;2,360;91,783;250,101;140,053;159,735;163,627;168,340;170,959;166,221;159,400;156,003;155,000;160,384;850,096;
5-Nov-16;15,220;0,350;1,330;1,990;91,261;250,085;140,082;159,657;163,593;168,407;171,018;166,164;159,156;155,968;155,004;160,412;851,238;
6-Nov-16;13,990;0,190;1,230;2,330;91,208;250,087;140,075;159,163;162,900;167,299;169,568;165,261;159,049;155,893;155,003;159,896;850,751;
7-Nov-16;16,790;0,110;1,510;1,880;91,007;249,907;140,075;160,426;164,736;170,505;173,666;167,573;158,760;155,789;155,002;161,026;849,831;
8-Nov-16;20,920;0,120;1,730;1,860;91,730;234,992;139,984;161,794;166,443;174,868;179,070;169,568;157,829;155,666;155,003;161,998;850,311;
9-Nov-16;19,520;0,210;1,560;2,500;92,008;254,993;140,094;161,339;166,159;172,791;176,173;169,137;159,183;155,976;154,993;161,868;850,281;
10-Nov-16;17,440;0,310;#YOK;#YOK;#YOK;234,883;140,134;160,200;164,199;170,049;173,353;167,244;158,450;155,610;154,992;160,585;851,105;
11-Nov-16;15,370;0,390;1,490;1,800;90,306;245,045;140,061;159,394;163,243;167,711;170,450;166,071;159,457;156,078;155,009;160,138;849,705;
12-Nov-16;15,180;0,370;#YOK;#YOK;#YOK;244,917;140,111;158,432;161,918;165,731;167,805;164,201;159,107;155,983;155,006;159,247;850,076;
13-Nov-16;12,210;0,290;1,220;1,880;90,008;245,007;140,025;158,271;161,354;164,504;166,596;163,518;159,385;156,167;154,999;158,954;849,959;
14-Nov-16;11,980;0,220;1,200;2,020;89,983;244,958;140,195;157,917;160,958;163,954;165,841;163,108;159,382;155,919;155,010;158,583;849,054;
15-Nov-16;11,240;0,200;0,860;1,500;92,349;219,885;140,124;158,007;160,598;164,209;166,218;163,021;158,027;155,389;155,012;158,367;849,268;
16-Nov-16;14,100;#YOK;1,400;1,250;90,071;212,747;139,894;158,741;161,612;166,625;169,177;164,471;157,428;155,150;154,997;158,832;849,830;
17-Nov-16;13,900;0,180;1,120;2,240;91,942;219,986;140,119;158,769;161,689;165,918;168,117;164,127;158,796;155,609;155,007;159,072;850,183;
18-Nov-16;15,410;0,220;1,340;1,470;91,304;230,004;140,048;159,454;162,867;168,156;171,042;165,912;158,237;155,372;155,011;159,781;849,812;
19-Nov-16;18,770;0,190;1,520;1,710;91,902;235,093;140,063;161,107;165,322;172,398;176,245;168,813;158,348;155,736;154,996;161,443;850,838;
20-Nov-16;19,730;0,140;1,470;1,980;92,549;234,902;140,122;161,339;165,708;173,103;176,875;169,060;158,467;155,683;155,010;161,595;851,087;
21-Nov-16;21,640;0,150;1,460;2,260;93,253;230,090;140,184;161,981;166,487;175,289;179,318;169,969;158,070;155,507;154,996;161,999;851,398;
22-Nov-16;#YOK;#YOK;#YOK;#YOK;#YOK;209,877;140,153;161,686;165,557;174,928;178,800;169,257;157,444;155,327;155,024;161,394;849,462;
23-Nov-16;#YOK;#YOK;#YOK;#YOK;#YOK;179,982;140,123;162,030;165,308;176,880;179,941;168,663;157,299;155,181;154,991;161,538;850,458;
24-Nov-16;#YOK;#YOK;#YOK;#YOK;#YOK;180,083;140,065;160,830;163,868;173,371;177,106;167,810;156,987;155,280;154,994;160,395;849,659;
25-Nov-16;#YOK;#YOK;#YOK;#YOK;#YOK;189,955;140,041;160,997;164,299;173,579;177,465;168,414;157,244;155,445;155,005;160,738;849,970;
26-Nov-16;#YOK;#YOK;#YOK;#YOK;#YOK;190,042;140,148;160,573;163,740;172,100;175,834;167,919;157,297;155,377;155,001;160,424;850,192;
27-Nov-16;#YOK;#YOK;#YOK;#YOK;#YOK;190,136;140,095;160,628;163,836;172,500;176,156;167,888;157,156;155,285;154,991;160,424;849,842;
28-Nov-16;20,540;0,190;1,850;1,380;90,993;189,988;140,057;160,788;164,028;173,434;177,821;168,435;156,827;155,348;154,994;160,537;849,116;
29-Nov-16;16,780;0,240;1,390;1,530;91,716;162,198;140,145;159,247;161,357;169,081;172,112;165,437;156,484;155,109;154,996;158,839;850,290;
30-Nov-16;17,140;0,200;1,460;1,500;91,482;161,960;140,044;159,582;161,851;170,043;173,355;165,908;156,765;155,527;154,999;159,412;850,152;
1-Dec-16;15,490;0,120;0,990;2,480;93,609;162,033;140,120;158,877;160,997;167,348;169,476;164,446;157,138;155,283;154,997;158,792;849,744;
2-Dec-16;17,360;0,110;0,000;1,200;100,000;172,074;140,052;159,735;162,234;170,554;174,614;166,418;156,464;155,309;154,985;159,424;850,082;
3-Dec-16;17,470;0,130;1,110;2,300;93,646;169,961;139,910;159,703;162,221;169,591;172,189;165,955;157,370;155,523;155,010;159,602;849,064;
4-Dec-16;15,600;0,380;1,060;2,160;93,205;169,986;139,991;159,199;161,611;168,464;171,030;165,385;157,263;155,559;155,010;159,310;850,559;
5-Dec-16;13,500;0,220;1,050;1,720;92,222;150,169;140,112;158,540;160,248;166,087;168,093;163,517;157,124;155,498;155,005;158,436;849,765;
6-Dec-16;12,640;0,200;0,890;1,660;92,959;145,004;140,115;154,933;156,399;161,267;163,451;159,925;153,920;152,097;151,998;154,984;850,565;
7-Dec-16;12,300;#YOK;0,790;1,930;93,577;144,996;139,992;154,999;156,475;161,098;163,063;159,684;154,400;152,406;151,997;155,210;850,514;
8-Dec-16;14,860;0,200;1,200;1,300;91,925;170,000;141,997;156,456;158,483;164,018;166,747;162,565;154,973;152,735;151,998;156,735;849,675;
9-Dec-16;16,830;0,330;1,220;2,170;92,751;172,831;144,047;157,504;159,838;166,795;169,854;164,504;155,419;152,784;152,003;157,772;849,507;
10-Dec-16;16,520;0,420;1,070;2,270;93,523;170,046;145,047;156,701;158,659;164,284;166,658;162,588;155,571;152,582;152,002;156,995;849,245;
11-Dec-16;21,080;0,450;2,640;1,140;87,476;124,970;144,936;156,991;158,543;170,884;173,371;162,192;153,143;152,013;151,993;156,587;851,091;
12-Dec-16;18,290;1,560;1,340;2,020;92,674;310,014;145,025;159,432;163,751;169,023;171,703;166,976;159,481;153,374;152,006;160,501;851,283;
13-Dec-16;16,530;6,190;1,690;1,910;89,776;309,801;145,038;158,897;162,952;167,979;170,671;166,098;158,839;153,268;152,019;159,930;850,004;
14-Dec-16;18,080;2,640;2,180;1,100;87,942;279,997;145,014;159,368;163,314;169,318;173,024;167,197;156,422;152,885;152,004;160,039;850,326;
15-Dec-16;18,330;4,050;2,150;1,460;88,271;279,994;150,044;162,907;166,865;173,846;177,237;170,114;159,272;156,066;154,983;163,614;849,467;
16-Dec-16;17,570;1,650;1,680;1,710;90,438;370,056;148,060;162,941;168,669;174,261;177,182;171,764;163,135;156,614;154,983;164,776;849,500;
17-Dec-16;16,680;1,700;1,820;1,960;89,089;389,956;149,060;162,419;167,817;172,606;175,034;170,827;164,463;157,156;155,012;164,390;850,131;
18-Dec-16;15,270;1,920;1,560;1,940;89,784;379,981;142,968;160,744;167,159;171,740;174,128;170,129;164,375;157,462;154,991;163,346;849,730;
19-Dec-16;#YOK;#YOK;#YOK;#YOK;#YOK;339,966;146,410;161,368;166,538;171,402;173,973;169,400;162,338;156,625;155,005;163,253;850,416;
20-Dec-16;16,650;2,220;1,820;1,550;89,069;320,089;150,338;162,417;166,825;172,416;175,089;169,713;161,219;156,338;154,996;163,790;849,937;
21-Dec-16;19,830;1,950;2,170;1,200;89,057;368,138;147,595;163,775;170,453;177,887;181,746;174,116;160,806;155,966;154,999;165,595;849,631;
22-Dec-16;21,420;1,870;1,800;1,690;91,597;180,142;150,129;161,654;164,027;173,765;178,131;168,455;157,175;155,456;154,991;161,453;850,432;
23-Dec-16;20,210;1,830;1,690;1,940;91,638;185,070;150,072;161,436;163,755;172,285;175,991;167,930;157,507;155,417;155,002;161,331;850,834;
24-Dec-16;19,760;1,650;1,460;2,030;92,611;180,152;150,140;160,969;163,129;171,302;174,770;167,331;157,392;155,305;155,002;160,883;850,133;
25-Dec-16;19,580;1,840;1,470;1,970;92,492;165,083;150,070;160,684;162,600;171,464;174,977;166,796;156,988;155,249;154,993;160,470;849,424;
26-Dec-16;#YOK;#YOK;#YOK;#YOK;#YOK;174,949;150,090;161,072;163,213;172,243;176,113;167,623;156,997;155,334;155,006;160,888;850,389;
27-Dec-16;20,610;3,770;1,320;2,470;93,595;160,026;150,012;160,794;162,756;173,376;177,145;166,723;156,588;155,259;154,994;160,491;850,578;
28-Dec-16;20,290;5,220;1,700;2,070;91,621;160,093;150,026;158,764;160,506;169,644;173,298;165,393;155,160;153,274;152,995;158,597;850,852;
29-Dec-16;20,930;4,820;1,150;2,610;94,505;165,038;150,028;156,106;157,619;164,637;168,316;162,995;153,298;150,657;149,993;156,151;850,227;
30-Dec-16;18,640;5,080;1,560;1,720;91,631;154,983;150,054;155,677;157,037;164,293;168,078;162,369;152,769;150,518;150,001;155,652;850,078;
31-Dec-16;18,270;3,040;1,490;1,830;91,845;140,063;148,061;152,895;154,095;160,810;164,378;159,586;150,730;148,314;148,024;153,012;850,684;
1-Jan-17;17,720;2,690;1,170;2,160;93,397;150,014;148,079;152,963;154,142;159,984;162,857;158,784;151,561;148,425;147,996;153,100;850,155;
2-Jan-17;16,720;2,570;1,440;1,620;91,388;150,085;148,263;153,221;154,332;159,802;162,517;158,823;151,720;148,807;148,014;153,418;849,392;
3-Jan-17;14,440;8,490;1,780;1,410;87,673;170,124;148,146;152,396;153,526;158,235;160,750;157,455;151,169;148,312;147,990;152,631;850,829;
4-Jan-17;16,260;5,640;1,830;1,430;88,745;175,087;148,076;155,154;156,778;162,587;165,690;161,342;153,092;150,625;149,993;155,484;850,296;
5-Jan-17;15,540;4,710;1,380;1,720;91,120;175,098;148,059;154,879;156,355;161,385;163,820;160,173;153,781;150,560;149,998;155,131;849,962;
6-Jan-17;16,310;4,720;1,730;1,270;89,393;169,930;148,036;155,334;156,948;162,852;166,135;161,733;153,150;150,753;149,995;155,661;850,296;
7-Jan-17;#YOK;#YOK;1,650;1,590;#YOK;180,002;150,100;155,957;157,690;163,649;166,838;162,175;154,010;150,231;150,005;156,383;850,721;
8-Jan-17;#YOK;#YOK;1,830;0,230;#YOK;180,523;150,091;155,698;157,342;163,158;166,090;161,576;153,784;150,595;150,005;156,127;849,800;
9-Jan-17;15,230;7,800;1,290;2,650;91,530;188,848;149,759;155,522;157,109;162,269;164,872;160,970;154,149;150,516;149,999;155,811;850,044;
10-Jan-17;13,930;7,140;1,060;2,370;92,391;205,098;150,086;155,071;156,495;160,477;162,454;159,574;154,974;150,605;149,998;155,460;849,883;
11-Jan-17;14,530;5,060;1,380;1,670;90,502;205,123;150,108;154,994;156,381;160,317;162,271;159,378;154,850;150,620;149,997;155,356;850,442;
12-Jan-17;14,460;4,290;1,720;1,260;88,105;210,027;150,106;155,086;156,528;160,468;162,576;159,739;154,761;150,505;149,998;155,465;850,937;
13-Jan-17;15,290;4,440;1,710;1,110;88,816;210,056;150,041;155,569;157,164;161,603;164,011;160,743;154,252;150,525;150,001;155,907;851,167;
14-Jan-17;17,210;3,520;1,550;1,530;90,994;215,066;150,030;156,310;158,153;162,947;165,389;161,799;155,476;150,723;149,989;156,700;850,359;
15-Jan-17;18,990;3,780;1,520;1,880;91,996;215,069;150,055;156,935;158,983;164,542;167,305;162,995;155,405;150,748;149,991;157,216;850,225;
16-Jan-17;19,430;3,420;1,380;2,170;92,898;210,580;150,735;156,845;158,771;164,418;167,071;162,763;155,246;150,697;149,996;157,070;849,225;
17-Jan-17;18,660;3,790;1,560;4,430;91,640;219,934;150,056;156,457;158,355;163,070;164,975;161,405;156,469;151,377;149,998;156,872;850,102;
18-Jan-17;16,760;3,630;1,530;1,670;90,871;200,072;150,084;155,692;157,270;162,194;164,554;160,959;154,672;150,564;149,997;155,964;850,219;
19-Jan-17;14,990;0,500;1,200;1,460;91,995;200,106;150,196;155,206;156,676;160,533;162,373;159,520;155,629;151,082;150,001;155,782;850,139;
20-Jan-17;14,520;0,450;0,950;2,170;93,457;190,179;150,143;156,546;158,080;162,387;164,095;160,957;156,369;152,671;151,996;156,985;849,923;
21-Jan-17;17,430;0,460;1,200;2,520;93,115;199,976;150,001;157,642;159,587;164,865;166,834;162,869;156,733;152,791;151,995;158,019;849,805;
22-Jan-17;18,180;0,560;1,090;2,310;94,004;195,048;150,014;157,919;159,924;165,575;167,824;163,532;156,597;152,791;151,993;158,327;849,343;
23-Jan-17;17,210;0,760;1,190;2,350;93,085;200,015;150,144;158,199;160,333;166,177;168,543;164,159;156,724;152,819;151,998;158,656;850,483;
24-Jan-17;19,290;0,480;1,550;1,510;91,965;190,095;150,092;157,972;160,086;166,797;169,897;164,961;155,032;152,291;152,002;158,206;849,877;
25-Jan-17;15,530;0,340;1,260;1,500;91,887;215,063;150,098;157,270;159,184;163,525;165,438;162,422;157,338;152,750;151,993;157,817;850,923;
26-Jan-17;14,540;0,430;1,200;1,670;91,747;215,725;150,255;157,248;159,141;163,121;164,929;162,173;157,663;153,027;151,996;157,916;849,211;
27-Jan-17;14,500;0,460;1,180;1,630;91,862;209,968;150,100;157,205;159,129;163,279;165,126;162,238;157,525;153,022;151,994;157,890;849,493;
28-Jan-17;14,010;0,560;1,190;1,700;91,506;199,975;150,014;156,737;158,481;162,575;164,399;161,511;157,035;152,948;151,992;157,467;850,375;
29-Jan-17;13,620;0,670;1,190;1,710;91,263;214,988;150,246;156,690;158,533;162,075;163,855;161,353;157,765;153,116;152,006;157,489;849,961;
30-Jan-17;18,660;#YOK;1,410;1,880;92,444;215,046;150,339;158,383;160,772;166,343;168,876;164,742;157,310;152,807;151,995;158,916;850,273;
31-Jan-17;17,770;0,650;#YOK;#YOK;OFFLINE;-0,094;81,796;141,375;141,529;141,386;141,736;141,373;141,652;134,206;141,211;142,088;849,263;
1-Feb-17;21,150;0,460;1,560;1,910;92,624;220,050;140,100;156,611;159,536;164,787;167,927;163,500;156,859;150,858;150,000;156,702;850,271;
2-Feb-17;22,180;0,470;1,410;1,950;93,643;220,065;140,120;157,140;160,319;166,326;169,836;164,817;156,395;150,894;150,000;157,247;850,548;
3-Feb-17;#YOK;#YOK;#YOK;#YOK;#YOK;220,001;140,040;157,343;160,613;166,684;170,192;165,025;156,643;151,125;150,004;157,519;850,426;
4-Feb-17;15,280;0,410;1,120;1,970;92,670;220,252;140,045;154,930;157,329;160,735;162,632;160,065;157,214;151,584;149,997;155,358;850,168;
5-Feb-17;16,340;0,470;1,120;1,970;93,146;210,012;140,030;154,907;157,271;161,272;163,380;160,386;156,558;150,980;150,000;155,224;849,894;
6-Feb-17;15,760;0,440;1,360;2,070;91,371;215,073;140,037;154,703;157,054;160,711;162,701;160,019;156,880;151,124;149,991;155,075;849,747;
7-Feb-17;15,610;0,580;1,430;1,760;90,839;220,092;140,089;154,733;157,168;160,816;162,707;160,165;157,047;151,110;150,003;155,148;850,383;
8-Feb-17;#YOK;#YOK;#YOK;#YOK;#YOK;220,096;140,096;155,515;158,188;162,390;164,653;161,646;157,388;151,104;149,995;155,869;851,311;
9-Feb-17;18,510;#YOK;2,270;0,820;87,736;234,965;140,065;156,191;159,435;164,265;167,396;163,804;155,530;150,850;150,000;156,720;850,862;
10-Feb-17;19,830;#YOK;1,710;1,270;91,377;161,800;140,173;155,235;157,224;163,597;167,269;163,117;153,048;150,273;150,000;155,023;849,701;
11-Feb-17;22,020;#YOK;1,470;1,930;93,324;160,029;140,071;155,650;157,764;164,708;168,307;163,618;153,963;150,316;149,998;155,379;850,725;
12-Feb-17;24,650;#YOK;1,660;1,820;93,266;165,005;140,024;156,483;158,997;167,090;171,539;165,963;153,874;150,363;150,004;156,161;849,973;
13-Feb-17;26,690;#YOK;1,670;1,920;93,743;170,020;139,937;157,352;160,231;169,174;174,145;167,590;154,241;150,495;149,997;156,951;849,994;
14-Feb-17;26,310;#YOK;#YOK;#YOK;#YOK;199,911;139,860;158,088;161,758;169,606;173,978;168,399;155,858;150,805;150,008;158,140;849,657;
15-Feb-17;23,710;#YOK;1,940;1,330;91,818;230,091;140,013;157,539;161,619;167,960;171,229;166,821;157,649;151,054;150,004;158,259;849,966;
16-Feb-17;22,270;0,260;2,090;1,140;90,615;219,965;140,136;156,713;160,308;165,911;168,916;165,351;157,619;150,665;150,000;157,280;850,551;
17-Feb-17;22,490;0,340;1,550;1,710;93,108;215,060;140,084;156,512;159,952;165,453;167,979;164,531;158,340;150,850;149,997;157,118;849,825;
18-Feb-17;17,750;0,340;1,490;1,330;91,606;186,777;139,921;154,577;156,948;161,414;163,246;160,750;156,822;150,566;150,000;154,986;851,013;
19-Feb-17;19,800;0,370;1,800;1,210;90,909;202,709;139,836;155,533;158,417;163,249;165,226;162,509;158,111;150,825;149,999;156,116;850,195;
20-Feb-17;22,700;#YOK;1,960;1,280;91,366;205,018;139,931;156,707;160,077;166,072;168,768;165,372;157,705;151,025;150,002;157,292;849,025;
21-Feb-17;24,260;0,310;1,620;2,320;93,322;220,017;140,087;157,168;160,952;166,893;169,319;165,634;159,374;151,367;150,022;157,876;850,004;
22-Feb-17;24,700;0,300;1,940;1,950;92,146;235,063;140,127;157,383;161,376;166,731;169,209;165,925;160,692;151,575;149,996;158,168;850,033;
23-Feb-17;21,810;0,200;1,880;2,130;91,380;233,118;140,113;156,354;160,018;164,748;166,776;163,763;160,118;151,627;149,996;157,192;850,089;
24-Feb-17;23,000;0,240;2,020;1,680;91,217;235,031;140,098;156,874;160,728;165,710;168,012;164,937;160,695;151,547;150,017;157,763;850,230;
25-Feb-17;23,870;0,420;2,310;1,350;90,323;248,081;140,270;157,985;162,517;168,606;171,625;167,288;159,789;151,182;149,979;159,022;850,544;
26-Feb-17;27,120;0,320;2,150;1,460;92,072;229,674;140,099;158,508;163,100;170,502;174,338;169,019;158,126;150,705;150,003;159,091;849,924;
27-Feb-17;26,260;0,350;1,980;1,930;92,460;264,549;139,808;158,569;163,768;170,229;173,228;168,702;161,125;151,488;150,003;159,738;849,494;
28-Feb-17;20,500;0,370;1,890;1,810;90,780;289,038;140,191;156,355;160,655;164,371;166,183;163,936;162,312;152,980;149,989;157,800;849,928;
1-Mar-17;18,750;0,330;2,150;1,660;88,533;239,921;140,067;153,427;156,250;159,361;160,954;159,174;158,643;150,378;148,005;154,283;849,889;
2-Mar-17;21,870;0,320;2,360;1,340;89,209;250,340;140,023;154,678;158,295;161,891;163,916;161,899;160,820;150,338;148,009;155,829;850,509;
3-Mar-17;24,330;#YOK;1,880;1,590;92,273;239,729;140,078;157,032;161,252;166,372;169,001;165,588;160,967;151,231;149,995;158,081;850,209;
4-Mar-17;27,490;0,360;2,080;1,980;92,434;235,031;140,069;158,555;163,288;170,104;173,463;168,534;160,079;151,321;149,997;159,416;850,141;
5-Mar-17;27,700;0,340;1,760;2,260;93,646;249,961;139,972;158,994;164,362;171,252;174,510;169,429;161,109;151,723;150,013;160,229;849,979;
6-Mar-17;25,320;0,640;1,980;2,560;92,180;280,487;150,586;162,519;166,168;171,810;174,868;169,684;163,654;154,152;151,994;163,010;850,940;
7-Mar-17;24,100;0,720;#YOK;#YOK;OFFLINE;3,415;81,369;131,643;131,659;131,847;132,142;131,825;131,962;84,215;131,482;132,077;849,777;
8-Mar-17;23,100;0,310;#YOK;#YOK;OFFLINE;0,169;70,165;124,556;124,605;124,768;125,057;124,743;124,881;75,547;124,322;125,056;850,469;
9-Mar-17;26,050;0,310;#YOK;#YOK;OFFLINE;1,182;73,257;124,837;124,832;125,038;125,361;125,003;125,177;74,136;124,544;125,258;850,215;
10-Mar-17;29,020;#YOK;#YOK;#YOK;OFFLINE;1,818;79,670;130,824;130,833;131,041;131,316;130,981;131,126;78,282;130,580;131,292;849,389;
11-Mar-17;29,570;0,490;#YOK;#YOK;OFFLINE;0,997;76,118;128,011;128,035;128,239;128,573;128,211;128,310;75,837;127,877;128,503;850,416;
12-Mar-17;26,890;0,470;#YOK;#YOK;OFFLINE;-0,212;56,563;113,656;113,743;113,891;114,271;113,895;114,095;58,838;113,033;114,219;850,648;
13-Mar-17;25,710;0,400;#YOK;#YOK;OFFLINE;-0,145;64,721;123,121;123,202;123,381;123,752;123,357;123,524;65,245;122,730;123,678;850,369;
14-Mar-17;28,240;0,370;#YOK;#YOK;OFFLINE;-0,201;58,129;120,477;120,596;120,746;121,108;120,762;120,990;59,273;120,067;121,089;850,472;
15-Mar-17;28,030;0,560;#YOK;#YOK;OFFLINE;-0,123;62,323;121,973;122,500;124,310;123,737;123,967;126,007;112,505;122,462;123,395;850,382;
16-Mar-17;26,730;0,480;#YOK;#YOK;OFFLINE;0,161;67,904;118,195;118,227;118,860;120,007;118,395;118,770;69,003;117,847;118,696;849,792;
17-Mar-17;28,000;0,580;#YOK;#YOK;OFFLINE;2,005;76,103;124,103;124,109;124,331;124,637;124,311;124,452;74,299;124,023;124,604;850,222;
18-Mar-17;27,950;0,430;#YOK;#YOK;OFFLINE;1,292;75,655;123,782;123,819;124,003;124,302;124,008;124,111;72,809;123,659;124,169;850,608;
19-Mar-17;30,350;0,500;#YOK;#YOK;OFFLINE;1,231;82,304;127,534;127,570;127,739;128,065;127,754;127,812;73,886;127,409;127,924;848,944;
20-Mar-17;31,260;0,600;#YOK;#YOK;OFFLINE;1,538;80,797;127,917;127,943;128,123;128,445;128,086;128,230;75,351;127,721;128,319;850,489;
21-Mar-17;33,010;0,650;2,350;1,960;92,881;150,018;145,073;163,671;166,803;181,141;189,407;172,051;157,535;155,169;155,017;162,495;850,376;
22-Mar-17;31,680;0,470;2,450;2,060;92,266;224,874;144,985;172,712;179,104;195,286;194,627;179,177;165,046;162,257;162,208;171,550;849,819;
23-Mar-17;31,170;3,240;2,720;1,600;91,274;225,018;145,147;165,819;170,997;183,391;190,724;175,840;158,733;155,393;155,008;165,153;850,819;
24-Mar-17;31,580;3,180;3,270;1,250;89,645;275,198;145,094;167,231;174,078;186,331;194,299;179,300;159,843;155,665;154,995;167,202;849,797;
25-Mar-17;28,410;3,120;2,520;2,140;91,130;275,140;145,190;165,280;170,797;178,241;182,403;175,985;164,593;156,358;154,985;165,893;850,506;
26-Mar-17;24,820;3,210;2,380;1,630;90,411;269,873;145,119;162,857;167,744;173,028;176,161;171,134;166,047;156,569;155,004;164,074;850,109;
27-Mar-17;24,710;7,610;2,570;1,550;89,599;254,987;145,091;163,077;167,863;174,597;178,506;171,627;162,972;155,866;155,002;163,903;849,909;
28-Mar-17;26,240;4,800;2,630;1,440;89,977;268,483;144,556;163,848;169,356;176,582;180,678;173,219;163,824;156,003;155,011;164,895;850,262;
29-Mar-17;28,650;3,450;2,940;1,420;89,738;299,984;144,978;165,172;172,281;180,429;184,958;176,218;164,916;156,250;155,000;166,854;849,693;
30-Mar-17;29,900;3,450;2,810;1,510;90,602;290,106;145,054;165,692;172,775;181,537;186,414;176,853;164,674;156,461;155,002;167,247;849,395;
31-Mar-17;25,160;4,040;2,730;1,210;89,149;249,853;145,049;162,956;167,740;174,359;177,685;171,216;163,710;155,895;155,008;163,889;848,714;
1-Apr-17;19,710;3,990;1,670;1,720;91,527;190,084;145,106;160,256;162,877;168,065;170,609;166,064;161,373;155,456;155,000;160,623;849,437;
2-Apr-17;22,840;3,500;2,100;1,640;90,806;235,033;145,044;161,923;165,804;171,218;173,814;168,996;164,368;156,137;154,995;162,674;850,583;
3-Apr-17;23,060;3,230;2,370;1,620;89,722;270,083;145,077;162,350;167,081;171,986;174,431;170,160;166,673;157,184;154,992;163,741;850,526;
4-Apr-17;25,310;5,550;2,070;2,470;91,821;270,128;145,097;163,277;168,573;175,171;178,099;171,892;165,235;156,516;155,000;164,509;850,431;
5-Apr-17;23,340;7,710;2,280;1,720;90,231;250,111;145,033;162,970;167,518;174,006;177,182;171,103;163,804;156,287;155,002;163,930;849,640;
6-Apr-17;25,150;9,910;3,330;1,020;86,759;250,102;146,094;158,788;162,524;168,396;171,821;166,378;159,763;150,790;150,019;159,490;849,913;
7-Apr-17;27,310;8,210;2,970;1,490;89,125;310,196;149,236;163,142;168,573;175,253;178,765;172,451;165,001;153,513;151,999;164,495;850,109;
8-Apr-17;24,400;7,050;2,750;2,280;88,730;304,999;149,235;161,218;165,472;169,988;172,332;168,743;166,853;155,047;151,985;162,618;849,770;
9-Apr-17;24,280;7,310;2,580;2,040;89,374;305,019;149,328;161,531;165,938;170,906;173,463;169,402;166,568;154,266;152,001;162,887;849,567;
10-Apr-17;20,120;6,740;2,650;2,010;86,829;261,867;149,662;157,024;159,197;161,932;163,440;161,649;162,891;153,689;150,010;157,855;850,809;
11-Apr-17;19,660;8,480;2,180;1,760;88,911;230,048;150,020;156,770;158,678;162,017;163,804;161,318;161,474;152,036;149,998;157,337;850,485;
12-Apr-17;20,890;5,800;2,610;1,840;87,506;240,374;150,005;157,065;159,102;161,925;163,568;161,605;162,674;153,218;150,003;157,760;850,158;
13-Apr-17;26,890;8,980;2,530;1,710;90,591;240,017;150,109;159,718;162,872;168,743;171,930;166,694;161,904;151,232;149,999;160,252;850,292;
14-Apr-17;23,050;8,960;2,470;2,010;89,284;249,999;150,132;158,189;160,729;164,607;166,591;163,751;163,464;152,486;150,005;158,976;850,123;
15-Apr-17;24,420;8,570;2,540;1,780;89,599;251,437;150,057;158,819;161,649;166,094;168,438;164,968;163,769;151,998;150,010;159,499;849,985;
16-Apr-17;24,120;8,650;2,570;1,970;89,345;249,968;150,152;158,706;161,370;165,573;167,730;164,540;163,879;152,440;149,997;159,361;849,137;
17-Apr-17;23,310;8,220;2,380;1,960;89,790;250,085;150,167;158,159;160,687;164,590;166,537;163,701;163,455;152,372;149,995;158,864;850,474;
18-Apr-17;22,140;10,320;2,440;1,770;88,979;249,882;149,837;158,233;160,863;164,741;166,777;163,830;163,609;152,326;150,010;159,027;850,113;
19-Apr-17;22,090;9,640;2,440;1,470;88,954;224,831;149,753;157,887;160,169;164,511;167,173;163,424;162,128;151,397;150,010;158,336;850,301;
20-Apr-17;21,540;9,490;2,180;2,410;89,879;249,868;151,271;158,140;160,394;164,188;166,396;163,336;162,777;152,365;149,995;158,705;850,467;
21-Apr-17;20,410;12,360;2,050;1,920;89,956;175,004;151,145;155,993;157,469;162,089;164,990;161,014;158,475;150,579;149,999;156,226;850,409;
22-Apr-17;23,920;10,800;2,820;1,530;88,211;263,597;150,444;159,132;161,961;165,924;168,513;165,428;165,012;152,282;150,025;159,802;849,354;
23-Apr-17;25,830;11,720;3,020;1,560;88,308;250,009;151,201;159,958;163,048;168,068;171,452;166,800;164,129;151,815;150,009;160,680;850,498;
24-Apr-17;26,760;10,750;3,150;1,500;88,229;230,044;152,250;161,238;164,183;169,581;173,329;168,139;163,890;153,054;151,999;161,656;850,281;
25-Apr-17;25,850;7,740;2,600;1,810;89,942;230,061;155,146;163,653;166,487;171,807;175,020;169,902;165,819;156,263;155,001;164,134;850,638;
26-Apr-17;24,650;7,760;2,400;1,890;90,264;229,950;157,097;163,374;165,644;170,642;173,505;168,977;165,942;156,385;155,006;163,774;884,529;
27-Apr-17;25,030;7,520;2,400;1,910;90,412;229,969;159,207;163,791;165,931;170,966;173,950;169,272;166,168;156,413;155,006;164,206;886,486;
28-Apr-17;24,030;6,440;2,450;2,280;89,804;230,016;159,160;160,582;161,786;165,520;167,639;164,624;164,506;154,471;151,999;160,771;885,040;
29-Apr-17;20,990;6,530;2,570;1,830;87,756;239,966;159,038;159,960;160,913;163,811;165,537;163,374;164,260;154,892;152,001;160,156;882,562;
30-Apr-17;16,930;0,460;1,810;2,630;89,309;225,009;159,013;158,442;158,897;161,160;162,436;160,642;161,684;155,109;152,002;158,694;887,072;
1-May-17;14,360;0,370;1,850;1,260;87,117;199,535;159,209;154,893;154,652;156,071;157,053;155,927;157,296;152,738;149,997;154,898;888,360;
2-May-17;14,640;0,400;1,220;1,650;91,667;139,942;162,096;154,021;153,869;156,096;157,478;155,769;156,495;150,875;150,006;154,244;887,985;
3-May-17;16,280;0,290;1,690;1,620;89,619;160,021;162,034;155,166;154,915;157,130;158,452;156,699;157,815;151,772;150,007;155,162;886,852;
4-May-17;18,500;0,270;1,680;2,090;90,919;169,935;162,128;156,139;156,003;158,334;159,763;157,954;159,211;152,325;150,001;156,146;889,527;
5-May-17;19,570;0,290;#YOK;2,180;#YOK;169,952;162,131;156,294;156,162;158,713;160,209;158,233;159,396;152,040;149,995;156,188;889,064;
6-May-17;19,450;0,290;1,640;1,840;91,568;170,075;162,154;156,228;156,077;158,647;160,142;158,116;159,396;151,739;150,005;156,083;887,324;
7-May-17;22,280;0,280;1,510;2,060;93,223;150,177;162,080;156,209;156,273;159,701;161,609;158,909;159,773;150,957;150,006;156,102;886,624;
8-May-17;20,730;0,400;1,580;2,140;92,378;170,061;162,214;156,642;156,568;159,475;161,042;158,855;159,966;151,768;150,007;156,515;886,469;
9-May-17;44,710;0,350;1,510;1,770;96,623;179,984;162,002;156,892;156,817;159,622;161,193;158,999;160,265;151,608;150,006;156,711;880,529;
10-May-17;21,480;0,340;1,990;1,880;90,736;189,982;162,132;157,320;157,166;159,696;161,194;159,274;160,805;152,604;150,004;157,115;880,330;
11-May-17;20,280;0,370;2,360;2,130;88,363;200,027;162,055;157,175;156,879;159,051;160,355;158,749;160,308;153,316;149,998;156,958;880,160;
12-May-17;17,160;4,670;2,260;1,100;86,830;130,199;164,072;154,613;154,502;156,915;158,681;156,893;158,437;150,604;150,002;154,831;881,018;
13-May-17;22,790;4,050;1,820;2,520;92,014;150,035;164,135;156,817;156,886;160,538;162,735;159,790;160,379;151,396;150,008;156,737;880,486;
14-May-17;20,640;4,350;2,000;2,080;90,310;171,906;163,991;156,908;156,712;159,655;161,329;159,081;160,304;151,692;150,002;156,732;879,909;
15-May-17;21,340;5,020;#YOK;1,720;#YOK;175,038;164,138;157,175;157,029;160,062;162,039;159,551;160,983;151,442;149,996;156,973;881,002;
16-May-17;29,910;7,340;2,310;1,910;92,277;175,031;164,058;159,734;160,322;165,924;169,657;164,369;162,418;150,895;150,006;159,286;879,427;
17-May-17;33,410;4,870;2,750;1,590;91,769;175,089;164,133;160,484;161,329;167,595;172,218;165,826;162,125;150,679;150,008;159,947;880,021;
18-May-17;36,260;4,620;2,970;1,710;91,809;175,080;162,079;159,318;160,317;166,546;171,201;164,806;162,255;148,970;148,019;158,726;879,660;
19-May-17;34,480;4,930;2,920;1,730;91,531;175,003;162,106;158,780;159,586;165,205;169,278;163,706;162,793;149,052;147,998;158,266;880,582;
20-May-17;27,490;6,680;2,090;2,200;92,397;175,079;162,075;156,881;157,098;161,102;163,764;160,349;161,894;149,680;148,005;156,544;879,227;
21-May-17;23,440;6,020;2,010;1,820;91,425;174,994;162,124;155,908;155,908;159,043;161,096;158,583;160,721;150,043;147,996;155,729;880,146;
22-May-17;24,370;5,400;2,150;1,700;91,178;175,022;161,980;156,302;156,403;159,776;162,024;159,214;161,296;149,799;148,001;156,068;879,556;
23-May-17;26,690;3,990;2,600;1,550;90,259;195,044;162,119;157,602;157,765;161,214;163,512;160,693;162,808;150,390;148,000;157,262;879,530;
24-May-17;27,550;4,700;2,540;1,770;90,780;208,555;161,686;158,221;158,539;161,989;164,346;161,537;163,579;150,887;148,020;157,872;879,753;
25-May-17;28,970;4,680;2,980;1,730;89,713;230,000;162,088;158,385;158,525;161,725;163,942;161,467;163,986;150,730;146,989;157,849;882,397;
26-May-17;25,060;4,810;2,380;1,960;90,503;184,983;162,099;153,498;153,143;155,842;157,694;155,635;158,407;148,355;145,001;153,232;880,246;
27-May-17;25,020;4,590;2,620;1,930;89,528;184,895;162,092;153,413;152,976;155,402;157,100;155,345;158,236;148,923;145,010;153,137;878,920;
28-May-17;23,980;3,500;3,050;2,080;87,281;185,046;162,065;152,908;152,321;154,482;155,940;154,403;157,109;149,386;144,997;152,627;880,133;
29-May-17;24,650;4,710;2,360;2,060;90,426;164,922;162,134;152,669;152,362;155,080;156,932;154,788;157,333;148,338;145,005;152,565;879,524;
30-May-17;23,760;4,380;2,290;2,220;90,362;180,958;162,087;153,094;152,644;155,065;156,721;154,875;157,297;148,841;145,008;152,769;880,447;
31-May-17;24,880;4,640;2,330;2,310;90,635;174,602;161,948;153,199;152,878;155,540;157,397;155,366;157,901;148,514;145,004;152,966;880,912;
1-Jun-17;14,690;43,240;#YOK;#YOK;OFFLINE;3,190;84,462;133,620;133,568;133,781;134,026;133,701;133,886;82,070;133,478;134,020;880,375;
2-Jun-17;24,840;6,230;#YOK;#YOK;OFFLINE;3,622;86,967;134,189;134,177;134,393;134,576;134,269;134,448;82,959;133,930;134,562;879,607;
3-Jun-17;22,760;5,300;#YOK;#YOK;OFFLINE;4,571;89,817;135,003;135,003;135,215;135,511;135,177;135,305;85,827;134,947;135,377;879,413;
4-Jun-17;19,960;4,900;#YOK;#YOK;OFFLINE;0,255;87,023;133,084;133,072;133,265;133,534;133,268;133,435;83,582;132,764;133,552;879,484;
5-Jun-17;21,010;4,630;#YOK;#YOK;OFFLINE;-0,032;77,890;125,664;125,660;125,861;126,123;125,833;126,009;77,629;125,454;126,141;881,199;
6-Jun-17;20,170;6,090;#YOK;#YOK;OFFLINE;4,881;93,242;134,738;134,722;134,914;135,161;134,860;135,016;84,559;134,637;135,095;880,696;
7-Jun-17;19,560;6,640;#YOK;#YOK;OFFLINE;4,899;88,948;132,692;132,672;132,888;133,105;132,849;132,958;86,045;132,601;133,081;880,549;
8-Jun-17;18,330;3,960;#YOK;#YOK;OFFLINE;4,071;88,929;133,208;133,197;133,413;133,639;133,272;133,453;84,161;133,123;133,646;879,842;
9-Jun-17;18,410;4,210;#YOK;#YOK;OFFLINE;5,364;89,091;132,130;132,131;132,347;132,580;132,203;132,431;83,506;132,124;132,540;879,695;
10-Jun-17;19,220;3,530;#YOK;#YOK;OFFLINE;5,898;87,061;130,155;130,153;130,363;130,687;130,291;130,414;83,462;130,159;130,542;880,633;
11-Jun-17;19,660;2,970;#YOK;#YOK;OFFLINE;5,672;86,843;127,282;127,279;127,488;127,728;127,421;127,548;83,754;127,268;127,646;879,969;
12-Jun-17;17,580;5,790;#YOK;#YOK;OFFLINE;6,643;89,052;127,904;127,888;128,090;128,354;128,054;128,160;86,481;127,875;128,290;879,638;
13-Jun-17;17,190;5,330;#YOK;#YOK;OFFLINE;6,238;85,949;127,433;127,418;127,625;127,905;127,621;127,779;86,000;127,403;127,825;879,921;
14-Jun-17;18,270;2,540;2,020;1,270;88,944;190,005;164,812;151,540;150,799;152,593;153,837;152,552;154,735;148,109;144,987;151,648;880,301;
15-Jun-17;25,460;4,150;2,440;1,500;90,416;220,032;165,140;160,187;160,322;163,843;166,354;163,480;165,000;152,207;150,005;159,788;879,105;
16-Jun-17;30,240;5,130;3,090;1,340;89,782;250,167;165,034;163,331;164,232;168,780;172,293;168,236;168,508;152,071;150,027;162,825;878,581;
17-Jun-17;34,400;4,300;3,390;1,670;90,145;280,184;164,430;165,701;167,698;173,082;177,327;172,198;170,199;153,083;150,085;165,509;879,438;
18-Jun-17;29,330;4,120;3,890;3,090;86,737;329,825;160,567;163,918;166,080;169,764;172,562;169,777;171,326;155,634;150,024;164,297;879,627;
19-Jun-17;23,340;4,660;3,710;1,730;84,105;289,931;165,065;161,205;160,843;162,968;164,713;163,236;165,649;156,120;150,000;160,631;880,265;
20-Jun-17;20,720;5,690;2,610;1,960;87,403;240,016;165,102;160,983;160,898;163,320;165,249;163,319;164,647;155,691;151,999;160,641;879,810;
21-Jun-17;20,020;6,280;2,360;1,950;88,212;205,082;165,027;161,830;162,105;165,057;167,456;164,777;165,243;156,125;153,996;161,686;880,476;
22-Jun-17;20,520;6,500;2,650;1,590;87,086;205,016;168,063;162,260;162,307;165,460;168,095;165,178;165,557;155,662;154,000;162,103;879,557;
23-Jun-17;20,630;6,970;2,180;1,930;89,433;170,057;168,217;160,816;160,871;164,081;167,009;163,913;163,945;154,994;153,996;160,705;879,941;
24-Jun-17;21,390;6,410;2,370;1,850;88,920;179,684;167,776;161,854;162,052;165,220;168,081;165,078;165,378;155,645;154,000;161,711;879,317;
25-Jun-17;18,390;5,710;2,280;1,520;87,602;192,357;167,667;160,899;160,758;163,161;165,356;163,242;164,217;155,595;154,004;160,744;879,656;
26-Jun-17;19,090;6,120;2,340;1,980;87,742;200,008;168,053;161,248;160,990;163,197;165,225;163,268;164,380;156,748;154,002;161,031;880,582;
27-Jun-17;19,650;6,490;2,240;2,010;88,601;205,024;168,136;162,509;162,370;164,686;166,753;164,830;165,729;157,539;154,997;162,263;880,076;
28-Jun-17;19,390;6,750;2,340;2,120;87,932;204,961;168,131;162,555;162,415;164,672;166,770;164,895;165,773;157,754;155,001;162,326;881,240;
29-Jun-17;19,780;6,440;2,390;1,980;87,917;207,576;168,314;162,601;162,459;164,545;166,586;164,801;166,204;157,791;154,996;162,489;880,277;
30-Jun-17;17,650;6,120;2,140;1,550;87,875;205,049;168,084;161,910;161,704;163,823;165,842;163,921;165,015;157,039;155,004;161,798;879,549;
1-Jul-17;17,920;5,860;2,150;1,550;88,002;189,888;167,977;161,425;161,253;163,343;165,460;163,562;164,592;156,875;155,008;161,363;880,540;
2-Jul-17;22,180;2,630;2,250;1,600;89,856;190,158;170,047;164,728;164,834;167,656;170,615;167,818;167,993;158,412;156,999;164,558;879,798;
3-Jul-17;23,850;3,950;2,690;1,700;88,721;210,368;170,056;166,075;166,349;169,363;172,576;169,485;169,475;158,760;157,000;165,749;880,557;
4-Jul-17;25,450;2,890;2,700;1,590;89,391;230,003;170,123;167,243;167,637;170,599;173,864;170,855;171,020;159,290;156,997;166,897;880,105;
5-Jul-17;25,950;2,650;2,950;1,640;88,632;210,007;170,117;166,634;167,002;170,053;173,511;170,397;170,384;158,891;157,004;166,296;880,574;
6-Jul-17;23,980;2,550;2,850;1,530;88,115;190,033;164,055;164,460;165,319;168,058;171,301;168,579;168,893;158,561;156,983;164,479;880,378;
7-Jul-17;21,340;2,650;2,650;1,500;87,582;175,056;164,128;163,468;164,026;166,557;169,532;167,065;167,329;158,417;156,994;163,406;879,593;
8-Jul-17;20,410;5,300;2,530;1,500;87,604;174,989;164,091;163,359;163,965;166,599;169,747;167,119;167,210;158,152;157,001;163,349;880,768;
9-Jul-17;22,480;5,570;2,910;1,570;87,055;190,044;164,079;164,309;165,200;168,112;171,639;168,577;168,379;158,333;157,000;164,354;880,066;
10-Jul-17;24,800;4,980;2,590;1,570;89,556;189,621;163,915;164,432;165,368;168,227;171,578;168,627;168,559;158,799;157,004;164,471;879,110;
11-Jul-17;19,210;0,000;1,790;1,620;90,682;150,089;164,145;162,126;162,489;164,699;167,423;165,316;165,533;158,083;157,006;162,130;879,948;
12-Jul-17;16,420;#YOK;1,480;1,800;90,987;150,086;164,176;161,532;161,764;163,727;166,000;164,180;164,377;158,182;156,999;161,581;879,425;
13-Jul-17;18,140;#YOK;1,550;2,030;91,455;150,156;164,092;161,915;162,214;164,380;166,919;164,864;164,888;158,244;156,998;161,926;879,713;
14-Jul-17;20,160;#YOK;2,010;2,380;90,030;159,986;164,110;162,737;163,156;165,429;168,111;165,918;166,001;158,806;157,000;162,689;880,108;
15-Jul-17;21,060;#YOK;2,210;2,170;89,506;179,956;163,979;163,450;163,978;166,177;168,801;166,680;167,054;159,530;156,998;163,466;878,567;
16-Jul-17;22,010;0,000;2,610;2,000;88,142;180,005;164,134;163,666;164,271;166,404;169,073;167,068;167,559;159,746;156,998;163,727;880,932;
17-Jul-17;22,370;4,460;2,400;2,160;89,271;179,961;164,098;163,930;164,599;167,098;170,330;167,546;167,720;159,054;156,999;163,899;879,643;
18-Jul-17;23,150;5,330;3,090;1,750;86,652;199,965;164,003;164,541;165,357;167,707;170,830;168,200;168,712;159,679;157,000;164,606;878,946;
19-Jul-17;22,710;5,420;3,240;2,020;85,733;200,071;164,065;164,589;165,374;167,690;170,840;168,361;168,879;159,721;157,005;164,626;880,603;
20-Jul-17;22,790;5,260;2,970;2,050;86,968;199,937;164,083;164,355;165,056;167,281;170,458;168,063;168,825;159,995;156,990;164,429;880,068;
21-Jul-17;#YOK;#YOK;3,020;1,620;#YOK;199,957;164,109;163,847;164,363;166,283;169,064;167,049;168,225;159,816;157,002;163,899;878,659;
22-Jul-17;20,620;5,070;2,690;1,790;86,954;170,017;164,065;162,973;163,386;165,482;168,681;166,385;166,982;158,729;157,003;162,978;879,463;
23-Jul-17;19,660;5,430;2,410;1,800;87,742;150,044;164,064;162,270;162,671;164,971;168,637;165,914;165,898;157,934;157,002;162,304;881,281;
24-Jul-17;21,220;4,130;2,680;1,850;87,370;170,030;164,024;163,036;163,479;165,523;168,633;166,395;167,173;159,094;156,994;163,102;880,708;
25-Jul-17;24,020;3,560;3,250;1,720;86,470;194,933;164,069;164,382;165,070;167,171;170,332;168,139;169,302;160,037;157,003;164,510;879,171;
26-Jul-17;22,520;3,280;2,930;1,730;86,989;183,487;164,095;163,582;164,088;166,053;169,134;166,955;168,040;159,529;156,989;163,673;880,258;
27-Jul-17;18,830;3,400;3,110;1,030;83,484;160,066;164,099;162,075;162,355;164,092;167,005;165,066;166,288;158,038;156,997;162,126;880,000;
28-Jul-17;18,180;5,050;2,150;1,790;88,174;160,053;164,091;162,072;162,338;164,052;166,812;164,955;165,699;158,965;156,989;162,140;881,741;
29-Jul-17;18,270;4,990;2,300;1,860;87,411;160,096;164,058;162,193;162,476;164,230;167,091;165,104;165,881;158,976;157,000;162,275;879,559;
30-Jul-17;19,130;4,880;2,230;1,910;88,343;160,046;164,088;162,402;162,707;164,495;167,412;165,408;166,269;159,290;156,996;162,516;880,574;
31-Jul-17;18,530;5,050;2,390;2,090;87,102;160,057;164,084;162,227;162,504;164,191;167,045;165,118;165,843;159,366;156,998;162,299;881,343;
1-Aug-17;19,150;4,310;2,470;2,120;87,102;160,021;164,009;162,354;162,663;164,358;167,225;165,313;166,079;159,447;156,999;162,411;880,408;
2-Aug-17;21,280;0,900;1,970;2,510;90,742;160,091;164,030;162,870;163,294;165,149;168,357;166,178;167,031;159,251;156,997;162,926;880,412;
3-Aug-17;21,070;2,900;2,600;0,000;87,660;160,148;164,011;162,969;163,433;165,258;168,566;166,422;167,350;159,348;157,005;163,085;879,668;
4-Aug-17;22,220;2,350;3,920;1,980;82,358;284,747;163,623;165,862;166,907;168,532;171,063;169,593;171,009;163,673;157,003;166,183;881,209;
5-Aug-17;23,870;2,420;3,290;1,470;86,217;200,153;164,086;164,495;165,186;166,997;170,369;168,253;169,362;160,586;157,000;164,574;881,094;
6-Aug-17;25,800;2,130;3,150;1,720;87,791;200,031;164,000;165,031;165,932;167,934;171,877;169,442;170,326;160,156;157,002;165,171;880,164;
7-Aug-17;26,090;2,400;3,440;1,450;86,815;214,971;163,838;165,720;166,769;168,799;172,776;170,342;171,400;160,621;157,003;165,902;879,387;
8-Aug-17;26,450;4,780;3,300;2,250;87,524;221,459;163,411;165,920;167,172;169,205;173,351;170,855;171,554;160,754;157,012;166,164;880,257;
9-Aug-17;23,450;3,400;3,000;2,130;87,207;200,020;163,908;164,392;165,086;166,782;170,296;168,151;169,269;159,819;157,006;164,571;880,822;
10-Aug-17;18,930;2,000;2,630;1,770;86,107;170,067;155,067;161,500;162,404;163,643;166,179;164,715;166,241;160,038;157,004;161,738;880,070;
11-Aug-17;19,380;2,110;2,070;1,470;89,319;160,118;155,085;161,522;162,451;163,952;167,101;165,172;166,164;158,940;156,993;161,686;880,975;
12-Aug-17;15,570;3,040;3,080;1,040;80,218;160,466;155,102;160,365;161,034;162,021;163,900;162,794;164,042;159,920;157,003;160,664;880,294;
13-Aug-17;17,860;3,550;3,510;1,470;80,347;170,064;155,068;160,882;161,690;162,738;164,802;163,564;164,910;160,860;157,003;161,207;880,331;
14-Aug-17;18,070;3,910;2,980;1,480;83,509;170,153;155,052;164,001;165,084;166,333;168,880;167,314;168,275;162,905;159,999;164,280;880,930;
15-Aug-17;18,550;5,160;3,690;1,390;80,108;170,248;154,963;159,226;159,945;161,017;163,145;161,879;163,468;159,185;154,994;159,531;881,428;
16-Aug-17;21,190;5,210;3,240;1,810;84,710;169,537;149,978;161,578;162,901;164,276;167,267;165,484;166,675;160,563;156,995;161,782;879,774;
17-Aug-17;#YOK;#YOK;2,140;3,460;#YOK;170,120;150,087;162,664;164,096;165,518;168,688;166,809;167,842;161,680;158,001;162,847;880,255;
18-Aug-17;19,990;5,890;3,060;1,860;84,692;170,090;150,072;162,246;163,601;164,890;167,688;166,039;167,140;161,535;158,003;162,444;879,199;
19-Aug-17;22,670;5,560;3,370;2,080;85,135;170,072;150,095;162,840;164,321;165,739;168,966;167,140;168,202;161,656;157,998;163,006;879,490;
20-Aug-17;22,820;5,580;2,740;2,620;87,993;170,120;150,110;162,819;164,299;165,683;168,974;167,080;168,081;161,697;158,005;163,001;879,935;
21-Aug-17;21,770;5,320;3,340;2,210;84,658;170,028;150,036;162,485;163,828;165,094;167,952;166,383;167,478;161,864;157,995;162,683;879,840;
22-Aug-17;20,370;5,870;3,490;2,210;82,867;170,044;150,075;159,267;160,338;161,398;163,767;162,444;163,868;159,795;155,002;159,495;881,488;
23-Aug-17;18,480;5,910;3,270;1,840;82,305;179,978;150,042;158,988;160,076;161,053;163,149;162,006;163,410;159,980;154,992;159,339;880,359;
24-Aug-17;19,870;4,700;2,940;2,080;85,204;179,976;150,120;169,270;171,264;172,687;176,386;174,197;174,108;167,385;164,999;169,363;880,417;
25-Aug-17;19,720;4,740;2,410;2,910;87,779;180,100;150,250;169,778;171,834;173,342;177,401;174,902;174,478;167,499;165,014;169,869;879,843;
26-Aug-17;#YOK;#YOK;#YOK;#YOK;OFFLINE;-0,069;84,791;137,091;137,106;139,183;137,640;137,099;137,506;118,997;136,295;137,687;879,779;
27-Aug-17;#YOK;#YOK;#YOK;#YOK;OFFLINE;-0,069;76,886;86,956;86,928;87,211;87,531;87,206;87,174;78,479;86,564;87,027;880,788;
28-Aug-17;#YOK;#YOK;#YOK;#YOK;OFFLINE;-0,083;74,190;86,381;86,398;86,548;86,857;86,596;86,600;76,252;85,906;86,520;880,021;
29-Aug-17;#YOK;#YOK;#YOK;#YOK;OFFLINE;-0,084;72,675;81,400;81,421;81,522;81,856;81,588;81,677;73,738;80,988;81,493;880,319;
30-Aug-17;#YOK;#YOK;#YOK;#YOK;OFFLINE;-0,079;80,623;93,916;93,944;94,073;94,421;94,174;94,171;78,626;93,723;94,089;880,474;
31-Aug-17;#YOK;#YOK;#YOK;#YOK;OFFLINE;-0,069;90,176;100,032;100,048;100,168;100,489;100,233;100,235;82,474;99,926;100,176;879,652;
1-Sep-17;#YOK;#YOK;#YOK;#YOK;OFFLINE;-0,080;90,504;103,825;103,814;103,970;104,172;103,994;103,955;83,220;103,651;103,949;880,269;
2-Sep-17;#YOK;#YOK;#YOK;#YOK;OFFLINE;-0,077;94,749;105,152;105,138;105,290;105,573;105,347;105,354;83,196;105,012;105,264;880,592;
3-Sep-17;#YOK;#YOK;#YOK;#YOK;OFFLINE;-0,080;86,141;105,054;105,054;105,192;105,508;105,242;105,261;83,433;104,843;105,201;879,623;
4-Sep-17;#YOK;#YOK;#YOK;#YOK;OFFLINE;-0,079;91,975;105,288;105,291;105,424;105,700;105,488;105,423;83,731;105,143;105,408;881,142;
5-Sep-17;#YOK;#YOK;#YOK;#YOK;OFFLINE;-0,069;91,564;105,806;105,809;105,954;106,255;105,990;106,025;84,181;105,631;105,958;879,886;
6-Sep-17;24,610;0,010;#YOK;#YOK;#YOK;165,349;149,815;170,996;172,226;174,436;180,732;177,223;173,404;165,498;164,596;169,861;879,194;
7-Sep-17;22,720;0,000;2,680;1,940;88,204;260,343;149,990;172,663;175,335;177,367;182,080;179,200;178,435;168,346;164,999;172,212;879,395;
8-Sep-17;25,510;#YOK;3,300;1,830;87,064;209,981;150,145;172,838;174,686;176,842;182,691;179,170;176,420;166,967;165,006;171,804;881,195;
9-Sep-17;26,530;#YOK;2,970;2,060;88,805;198,211;150,081;172,921;174,634;176,877;183,212;179,439;175,626;166,865;164,990;171,774;880,299;
10-Sep-17;26,110;0,000;3,430;1,610;86,863;197,286;150,081;172,825;174,461;176,683;183,106;179,402;174,744;166,395;165,001;171,698;880,048;
11-Sep-17;30,620;3,410;4,450;1,710;85,467;240,123;150,127;172,213;174,811;177,239;183,877;180,213;177,570;165,061;161,996;171,548;880,875;
12-Sep-17;32,020;2,630;3,940;2,240;87,695;240,029;150,111;172,506;175,200;177,689;184,404;180,686;177,901;165,928;161,991;171,845;880,662;
13-Sep-17;28,790;3,310;#YOK;#YOK;OFFLINE;-0,019;87,182;140,290;140,296;140,525;140,719;140,417;140,560;85,371;140,067;140,815;880,492;
14-Sep-17;25,150;6,840;#YOK;#YOK;OFFLINE;0,343;89,184;137,596;137,619;137,834;138,060;137,765;137,953;83,757;137,697;138,101;880,171;
15-Sep-17;20,060;8,680;#YOK;#YOK;OFFLINE;0,295;88,658;137,164;137,133;137,360;137,613;137,242;137,458;85,124;137,144;137,582;880,107;
16-Sep-17;17,860;9,390;#YOK;#YOK;OFFLINE;0,502;91,287;136,634;136,614;136,830;137,058;136,732;136,900;84,460;136,600;137,043;880,155;
17-Sep-17;16,360;8,020;#YOK;#YOK;OFFLINE;0,230;93,398;139,302;139,285;139,503;139,722;139,411;139,595;85,897;139,226;139,710;880,124;
18-Sep-17;17,770;6,520;#YOK;#YOK;OFFLINE;2,475;94,879;137,746;137,721;137,949;138,181;137,865;138,022;88,104;137,694;138,172;880,533;
